position,ref,alt,delta_score
156113712,T,A,0.01751708984375
156113712,T,C,0.020172119140625
156113712,T,G,0.0245208740234375
156113713,C,A,0.0777587890625
156113713,C,G,0.0352783203125
156113713,C,T,0.0
156113714,A,C,0.035919189453125
156113714,A,G,0.03228759765625
156113714,A,T,0.017913818359375
156113715,G,A,0.00392913818359375
156113715,G,C,0.027587890625
156113715,G,T,0.0194091796875
156113716,G,A,0.018890380859375
156113716,G,C,0.020172119140625
156113716,G,T,0.0
156113717,C,A,0.0
156113717,C,G,0.033843994140625
156113717,C,T,0.01007843017578125
156113718,C,A,0.0260009765625
156113718,C,G,0.06585693359375
156113718,C,T,0.033843994140625
156113719,C,A,0.0285186767578125
156113719,C,G,0.057861328125
156113719,C,T,0.05438232421875
156113720,C,A,0.0308685302734375
156113720,C,G,0.045166015625
156113720,C,T,0.061798095703125
156113721,T,A,0.0477294921875
156113721,T,C,0.03204345703125
156113721,T,G,0.02862548828125
156113722,C,A,0.01340484619140625
156113722,C,G,0.021392822265625
156113722,C,T,0.01018524169921875
156113723,T,A,0.0477294921875
156113723,T,C,0.0361328125
156113723,T,G,0.023406982421875
156113724,G,A,0.0063323974609375
156113724,G,C,0.022430419921875
156113724,G,T,0.01531219482421875
156113725,G,A,0.0070343017578125
156113725,G,C,0.0413818359375
156113725,G,T,0.023406982421875
156113726,G,A,0.03466796875
156113726,G,C,0.0830078125
156113726,G,T,0.01641845703125
156113727,A,C,0.01169586181640625
156113727,A,G,0.03973388671875
156113727,A,T,0.01369476318359375
156113728,A,C,0.0175933837890625
156113728,A,G,0.03460693359375
156113728,A,T,0.006679534912109375
156113729,C,A,0.0269927978515625
156113729,C,G,0.0
156113729,C,T,0.01369476318359375
156113730,C,A,0.0122833251953125
156113730,C,G,0.01262664794921875
156113730,C,T,0.0
156113731,A,C,0.01169586181640625
156113731,A,G,0.005527496337890625
156113731,A,T,0.005077362060546875
156113732,C,A,0.020172119140625
156113732,C,G,0.004425048828125
156113732,C,T,0.0770263671875
156113733,A,C,0.027069091796875
156113733,A,G,0.0484619140625
156113733,A,T,0.006679534912109375
156113734,G,A,0.0
156113734,G,C,0.006679534912109375
156113734,G,T,0.0382080078125
156113735,A,C,0.01531219482421875
156113735,A,G,0.10919189453125
156113735,A,T,0.0
156113736,A,C,0.01401519775390625
156113736,A,G,0.01340484619140625
156113736,A,T,0.026275634765625
156113737,A,C,0.01007843017578125
156113737,A,G,0.033843994140625
156113737,A,T,0.0154571533203125
156113738,T,A,0.0088348388671875
156113738,T,C,0.026275634765625
156113738,T,G,0.06927490234375
156113739,C,A,0.006679534912109375
156113739,C,G,0.061798095703125
156113739,C,T,0.01018524169921875
156113740,T,A,0.0
156113740,T,C,0.0
156113740,T,G,0.039154052734375
156113741,G,A,0.01340484619140625
156113741,G,C,0.01340484619140625
156113741,G,T,0.019256591796875
156113742,G,A,0.1075439453125
156113742,G,C,0.0
156113742,G,T,0.038665771484375
156113743,G,A,0.01137542724609375
156113743,G,C,0.01187896728515625
156113743,G,T,0.03485107421875
156113744,A,C,0.0218353271484375
156113744,A,G,0.054718017578125
156113744,A,T,0.040771484375
156113745,C,A,0.0216217041015625
156113745,C,G,0.01580810546875
156113745,C,T,0.02862548828125
156113746,C,A,0.045166015625
156113746,C,G,0.027099609375
156113746,C,T,0.0240631103515625
156113747,T,A,0.040771484375
156113747,T,C,0.00732421875
156113747,T,G,0.037322998046875
156113748,A,C,0.0216217041015625
156113748,A,G,0.005702972412109375
156113748,A,T,0.032379150390625
156113749,G,A,0.0174560546875
156113749,G,C,0.005077362060546875
156113749,G,T,0.035919189453125
156113750,T,A,0.021392822265625
156113750,T,C,0.061798095703125
156113750,T,G,0.0132293701171875
156113751,G,A,0.005954742431640625
156113751,G,C,0.0241851806640625
156113751,G,T,0.035919189453125
156113752,T,A,0.023406982421875
156113752,T,C,0.01401519775390625
156113752,T,G,0.054718017578125
156113753,C,A,0.03973388671875
156113753,C,G,0.0050506591796875
156113753,C,T,0.021392822265625
156113754,T,A,0.0170135498046875
156113754,T,C,0.020172119140625
156113754,T,G,0.046417236328125
156113755,T,A,0.0537109375
156113755,T,C,0.006679534912109375
156113755,T,G,0.0
156113756,G,A,0.06927490234375
156113756,G,C,0.027069091796875
156113756,G,T,0.01169586181640625
156113757,G,A,0.0194091796875
156113757,G,C,0.005077362060546875
156113757,G,T,0.026275634765625
156113758,C,A,0.0066375732421875
156113758,C,G,0.006679534912109375
156113758,C,T,0.00391387939453125
156113759,A,C,0.0
156113759,A,G,0.00392913818359375
156113759,A,T,0.0260009765625
156113760,A,C,0.0260009765625
156113760,A,G,0.0202789306640625
156113760,A,T,0.0
156113761,C,A,0.01262664794921875
156113761,C,G,0.63720703125
156113761,C,T,0.0175933837890625
156113762,G,A,0.03790283203125
156113762,G,C,0.03790283203125
156113762,G,T,0.018890380859375
156113763,T,A,0.0154571533203125
156113763,T,C,0.0266876220703125
156113763,T,G,0.01496124267578125
156113764,A,C,0.040985107421875
156113764,A,G,0.0089111328125
156113764,A,T,0.0269927978515625
156113765,A,C,0.027099609375
156113765,A,G,0.01421356201171875
156113765,A,T,0.043212890625
156113766,T,A,0.048675537109375
156113766,T,C,0.0216217041015625
156113766,T,G,0.0272674560546875
156113767,G,A,0.0126190185546875
156113767,G,C,0.0175933837890625
156113767,G,T,0.0256500244140625
156113768,A,C,0.054718017578125
156113768,A,G,0.007080078125
156113768,A,T,0.0272216796875
156113769,A,C,0.0
156113769,A,G,0.040771484375
156113769,A,T,0.054718017578125
156113770,T,A,0.035919189453125
156113770,T,C,0.007080078125
156113770,T,G,0.033843994140625
156113771,G,A,0.0070343017578125
156113771,G,C,0.005077362060546875
156113771,G,T,0.020172119140625
156113772,C,A,0.03887939453125
156113772,C,G,0.019775390625
156113772,C,T,0.01340484619140625
156113773,A,C,0.036102294921875
156113773,A,G,0.017120361328125
156113773,A,T,0.028106689453125
156113774,T,A,0.03460693359375
156113774,T,C,0.049041748046875
156113774,T,G,0.033843994140625
156113775,G,A,0.03228759765625
156113775,G,C,0.020172119140625
156113775,G,T,0.07244873046875
156113776,C,A,0.032379150390625
156113776,C,G,0.036224365234375
156113776,C,T,0.0050506591796875
156113777,A,C,0.0269927978515625
156113777,A,G,0.040771484375
156113777,A,T,0.045654296875
156113778,C,A,0.023406982421875
156113778,C,G,0.043212890625
156113778,C,T,0.004146575927734375
156113779,A,C,0.045654296875
156113779,A,G,0.01641845703125
156113779,A,T,0.01421356201171875
156113780,G,A,0.01018524169921875
156113780,G,C,0.058197021484375
156113780,G,T,0.0
156113781,C,A,0.0180816650390625
156113781,C,G,0.541015625
156113781,C,T,0.020172119140625
156113782,T,A,0.0
156113782,T,C,0.033843994140625
156113782,T,G,0.032562255859375
156113783,C,A,0.01007843017578125
156113783,C,G,0.0484619140625
156113783,C,T,0.022430419921875
156113784,T,A,0.68896484375
156113784,T,C,0.045654296875
156113784,T,G,0.0275115966796875
156113785,G,A,0.0318603515625
156113785,G,C,0.007083892822265625
156113785,G,T,0.01508331298828125
156113786,G,A,0.061279296875
156113786,G,C,0.01340484619140625
156113786,G,T,0.039154052734375
156113787,T,A,0.1468505859375
156113787,T,C,0.0794677734375
156113787,T,G,0.031982421875
156113788,A,C,0.006679534912109375
156113788,A,G,0.011962890625
156113788,A,T,0.02227783203125
156113789,T,A,0.220703125
156113789,T,C,0.0518798828125
156113789,T,G,0.00787353515625
156113790,C,A,0.0284271240234375
156113790,C,G,0.7578125
156113790,C,T,0.0
156113791,T,A,0.07684326171875
156113791,T,C,0.0305938720703125
156113791,T,G,0.057159423828125
156113792,G,A,0.1011962890625
156113792,G,C,0.0830078125
156113792,G,T,0.142333984375
156113793,T,A,0.058197021484375
156113793,T,C,0.0
156113793,T,G,0.01110076904296875
156113794,T,A,0.06451416015625
156113794,T,C,0.0711669921875
156113794,T,G,0.056396484375
156113795,T,A,0.0
156113795,T,C,0.049407958984375
156113795,T,G,0.06378173828125
156113796,T,A,0.032745361328125
156113796,T,C,0.0269927978515625
156113796,T,G,0.045562744140625
156113797,A,C,0.08636474609375
156113797,A,G,0.027862548828125
156113797,A,T,0.1005859375
156113798,A,C,0.0537109375
156113798,A,G,0.0484619140625
156113798,A,T,0.019805908203125
156113799,A,C,0.07183837890625
156113799,A,G,0.045562744140625
156113799,A,T,0.0716552734375
156113800,T,A,0.08636474609375
156113800,T,C,0.0706787109375
156113800,T,G,0.09515380859375
156113801,T,A,0.060272216796875
156113801,T,C,0.01169586181640625
156113801,T,G,0.01169586181640625
156113802,A,C,0.057159423828125
156113802,A,G,0.027069091796875
156113802,A,T,0.0250091552734375
156113803,T,A,0.0272216796875
156113803,T,C,0.054290771484375
156113803,T,G,0.005535125732421875
156113804,C,A,0.020172119140625
156113804,C,G,0.0253143310546875
156113804,C,T,0.0540771484375
156113805,C,A,0.026275634765625
156113805,C,G,0.061279296875
156113805,C,T,0.0
156113806,A,C,0.048797607421875
156113806,A,G,0.00659942626953125
156113806,A,T,0.01316070556640625
156113807,T,A,0.03460693359375
156113807,T,C,0.027099609375
156113807,T,G,0.005702972412109375
156113808,T,A,0.03790283203125
156113808,T,C,0.01751708984375
156113808,T,G,0.020904541015625
156113809,A,C,0.00897979736328125
156113809,A,G,0.0268402099609375
156113809,A,T,0.0
156113810,A,C,0.0299072265625
156113810,A,G,0.0154571533203125
156113810,A,T,0.0537109375
156113811,A,C,0.01290130615234375
156113811,A,G,0.057159423828125
156113811,A,T,0.0066375732421875
156113812,A,C,0.005954742431640625
156113812,A,G,0.89501953125
156113812,A,T,0.007396697998046875
156113813,T,A,0.0223388671875
156113813,T,C,0.040771484375
156113813,T,G,0.0120697021484375
156113814,A,C,0.023406982421875
156113814,A,G,0.0119476318359375
156113814,A,T,0.0
156113815,A,C,0.01312255859375
156113815,A,G,0.0132293701171875
156113815,A,T,0.02935791015625
156113816,G,A,0.07904052734375
156113816,G,C,0.0
156113816,G,T,0.020172119140625
156113817,T,A,0.005702972412109375
156113817,T,C,0.027099609375
156113817,T,G,0.0
156113818,A,C,0.007389068603515625
156113818,A,G,0.03790283203125
156113818,A,T,0.01180267333984375
156113819,C,A,0.0206146240234375
156113819,C,G,0.0
156113819,C,T,0.06927490234375
156113820,A,C,0.040985107421875
156113820,A,G,0.0308685302734375
156113820,A,T,0.024383544921875
156113821,G,A,0.0
156113821,G,C,0.020172119140625
156113821,G,T,0.01531219482421875
156113822,T,A,0.01432037353515625
156113822,T,C,0.027099609375
156113822,T,G,0.0066375732421875
156113823,T,A,0.0537109375
156113823,T,C,0.037322998046875
156113823,T,G,0.005954742431640625
156113824,C,A,0.05206298828125
156113824,C,G,0.043212890625
156113824,C,T,0.01183319091796875
156113825,T,A,0.036529541015625
156113825,T,C,0.0880126953125
156113825,T,G,0.033843994140625
156113826,G,A,0.00901031494140625
156113826,G,C,0.027099609375
156113826,G,T,0.01279449462890625
156113827,G,A,0.018096923828125
156113827,G,C,0.0272216796875
156113827,G,T,0.0184783935546875
156113828,G,A,0.03155517578125
156113828,G,C,0.0
156113828,G,T,0.005527496337890625
156113829,G,A,0.053619384765625
156113829,G,C,0.0215606689453125
156113829,G,T,0.006374359130859375
156113830,G,A,0.00795745849609375
156113830,G,C,0.01340484619140625
156113830,G,T,0.005077362060546875
156113831,A,C,0.041778564453125
156113831,A,G,0.0269927978515625
156113831,A,T,0.0132293701171875
156113832,A,C,0.019775390625
156113832,A,G,0.01354217529296875
156113832,A,T,0.032745361328125
156113833,A,C,0.0175933837890625
156113833,A,G,0.032562255859375
156113833,A,T,0.006679534912109375
156113834,A,C,0.0066375732421875
156113834,A,G,0.03790283203125
156113834,A,T,0.0
156113835,A,C,0.020172119140625
156113835,A,G,0.0203094482421875
156113835,A,T,0.020172119140625
156113836,A,C,0.03680419921875
156113836,A,G,0.03466796875
156113836,A,T,0.049896240234375
156113837,A,C,0.043212890625
156113837,A,G,0.00444793701171875
156113837,A,T,0.06414794921875
156113838,T,A,0.01641845703125
156113838,T,C,0.00606536865234375
156113838,T,G,0.01421356201171875
156113839,A,C,0.032562255859375
156113839,A,G,0.061798095703125
156113839,A,T,0.040771484375
156113840,A,C,0.0240020751953125
156113840,A,G,0.020477294921875
156113840,A,T,0.005527496337890625
156113841,G,A,0.032562255859375
156113841,G,C,0.0325927734375
156113841,G,T,0.03204345703125
156113842,T,A,0.0361328125
156113842,T,C,0.032562255859375
156113842,T,G,0.01508331298828125
156113843,T,A,0.061798095703125
156113843,T,C,0.017120361328125
156113843,T,G,0.0256500244140625
156113844,G,A,0.022430419921875
156113844,G,C,0.0256500244140625
156113844,G,T,0.03265380859375
156113845,A,C,0.02227783203125
156113845,A,G,0.00392913818359375
156113845,A,T,0.033843994140625
156113846,C,A,0.06060791015625
156113846,C,G,0.0308685302734375
156113846,C,T,0.0537109375
156113847,T,A,0.01751708984375
156113847,T,C,0.045654296875
156113847,T,G,0.0269927978515625
156113848,G,A,0.0
156113848,G,C,0.014739990234375
156113848,G,T,0.0230865478515625
156113849,G,A,0.01169586181640625
156113849,G,C,0.02935791015625
156113849,G,T,0.0484619140625
156113850,G,A,0.018035888671875
156113850,G,C,0.0209503173828125
156113850,G,T,0.0484619140625
156113851,T,A,0.03790283203125
156113851,T,C,0.0256500244140625
156113851,T,G,0.032562255859375
156113852,G,A,0.020172119140625
156113852,G,C,0.020172119140625
156113852,G,T,0.045654296875
156113853,C,A,0.0275115966796875
156113853,C,G,0.021392822265625
156113853,C,T,0.0257568359375
156113854,G,A,0.01531219482421875
156113854,G,C,0.01531219482421875
156113854,G,T,0.005077362060546875
156113855,G,A,0.0132293701171875
156113855,G,C,0.01354217529296875
156113855,G,T,0.06414794921875
156113856,T,A,0.041656494140625
156113856,T,C,0.0269927978515625
156113856,T,G,0.03790283203125
156113857,A,C,0.0760498046875
156113857,A,G,0.0269927978515625
156113857,A,T,0.005504608154296875
156113858,A,C,0.01531219482421875
156113858,A,G,0.0269927978515625
156113858,A,T,0.054718017578125
156113859,G,A,0.017913818359375
156113859,G,C,0.0269927978515625
156113859,G,T,0.0269927978515625
156113860,C,A,0.017913818359375
156113860,C,G,0.041656494140625
156113860,C,T,0.005527496337890625
156113861,A,C,0.0170135498046875
156113861,A,G,0.007080078125
156113861,A,T,0.00391387939453125
156113862,G,A,0.040771484375
156113862,G,C,0.0477294921875
156113862,G,T,0.03790283203125
156113863,T,A,0.01641845703125
156113863,T,C,0.0216217041015625
156113863,T,G,0.0433349609375
156113864,A,C,0.027862548828125
156113864,A,G,0.0256500244140625
156113864,A,T,0.037322998046875
156113865,G,A,0.054718017578125
156113865,G,C,0.0154571533203125
156113865,G,T,0.017913818359375
156113866,A,C,0.020172119140625
156113866,A,G,0.033843994140625
156113866,A,T,0.05023193359375
156113867,A,C,0.00806427001953125
156113867,A,G,0.033843994140625
156113867,A,T,0.0175933837890625
156113868,A,C,0.01340484619140625
156113868,A,G,0.01180267333984375
156113868,A,T,0.049713134765625
156113869,G,A,0.027862548828125
156113869,G,C,0.04937744140625
156113869,G,T,0.040771484375
156113870,G,A,0.0218353271484375
156113870,G,C,0.040771484375
156113870,G,T,0.007080078125
156113871,G,A,0.0477294921875
156113871,G,C,0.01751708984375
156113871,G,T,0.027069091796875
156113872,A,C,0.032562255859375
156113872,A,G,0.027587890625
156113872,A,T,0.01580810546875
156113873,C,A,0.054718017578125
156113873,C,G,0.0174560546875
156113873,C,T,0.0203094482421875
156113874,T,A,0.040771484375
156113874,T,C,0.0269927978515625
156113874,T,G,0.027099609375
156113875,G,A,0.022430419921875
156113875,G,C,0.01340484619140625
156113875,G,T,0.040771484375
156113876,A,C,0.01180267333984375
156113876,A,G,0.055938720703125
156113876,A,T,0.006374359130859375
156113877,A,C,0.022430419921875
156113877,A,G,0.0154571533203125
156113877,A,T,0.036102294921875
156113878,G,A,0.040771484375
156113878,G,C,0.03155517578125
156113878,G,T,0.01531219482421875
156113879,G,A,0.0050506591796875
156113879,G,C,0.043212890625
156113879,G,T,0.01340484619140625
156113880,G,A,0.033843994140625
156113880,G,C,0.041656494140625
156113880,G,T,0.0
156113881,G,A,0.007080078125
156113881,G,C,0.01340484619140625
156113881,G,T,0.020172119140625
156113882,G,A,0.00653839111328125
156113882,G,C,0.058929443359375
156113882,G,T,0.0269927978515625
156113883,A,C,0.005077362060546875
156113883,A,G,0.018096923828125
156113883,A,T,0.01531219482421875
156113884,A,C,0.017913818359375
156113884,A,G,0.01373291015625
156113884,A,T,0.0477294921875
156113885,G,A,0.032562255859375
156113885,G,C,0.01018524169921875
156113885,G,T,0.023406982421875
156113886,G,A,0.0154571533203125
156113886,G,C,0.03790283203125
156113886,G,T,0.01421356201171875
156113887,A,C,0.01340484619140625
156113887,A,G,0.0
156113887,A,T,0.0256500244140625
156113888,A,C,0.03375244140625
156113888,A,G,0.0184783935546875
156113888,A,T,0.0281982421875
156113889,C,A,0.032562255859375
156113889,C,G,0.022613525390625
156113889,C,T,0.0120697021484375
156113890,C,A,0.01074981689453125
156113890,C,G,0.0216217041015625
156113890,C,T,0.0218353271484375
156113891,C,A,0.00713348388671875
156113891,C,G,0.0269927978515625
156113891,C,T,0.0269927978515625
156113892,A,C,0.033843994140625
156113892,A,G,0.00592041015625
156113892,A,T,0.022430419921875
156113893,G,A,0.0
156113893,G,C,0.032562255859375
156113893,G,T,0.033843994140625
156113894,G,A,0.023406982421875
156113894,G,C,0.02227783203125
156113894,G,T,0.033843994140625
156113895,C,A,0.020904541015625
156113895,C,G,0.040771484375
156113895,C,T,0.00391387939453125
156113896,A,C,0.037506103515625
156113896,A,G,0.01097869873046875
156113896,A,T,0.022613525390625
156113897,G,A,0.040771484375
156113897,G,C,0.0170135498046875
156113897,G,T,0.02783203125
156113898,T,A,0.01340484619140625
156113898,T,C,0.03790283203125
156113898,T,G,0.0216217041015625
156113899,G,A,0.0269927978515625
156113899,G,C,0.0089111328125
156113899,G,T,0.022613525390625
156113900,C,A,0.0361328125
156113900,C,G,0.03155517578125
156113900,C,T,0.022674560546875
156113901,T,A,0.0269927978515625
156113901,T,C,0.01641845703125
156113901,T,G,0.054718017578125
156113902,T,A,0.032562255859375
156113902,T,C,0.0216217041015625
156113902,T,G,0.043212890625
156113903,G,A,0.0269927978515625
156113903,G,C,0.027862548828125
156113903,G,T,0.032562255859375
156113904,G,A,0.022430419921875
156113904,G,C,0.0218353271484375
156113904,G,T,0.032379150390625
156113905,G,A,0.01074981689453125
156113905,G,C,0.040771484375
156113905,G,T,0.0215606689453125
156113906,T,A,0.045654296875
156113906,T,C,0.01421356201171875
156113906,T,G,0.02227783203125
156113907,C,A,0.0253143310546875
156113907,C,G,0.0184326171875
156113907,C,T,0.0170135498046875
156113908,C,A,0.02227783203125
156113908,C,G,0.0
156113908,C,T,0.0194091796875
156113909,A,C,0.00829315185546875
156113909,A,G,0.0382080078125
156113909,A,T,0.037384033203125
156113910,A,C,0.03155517578125
156113910,A,G,0.032562255859375
156113910,A,T,0.0477294921875
156113911,A,C,0.057373046875
156113911,A,G,0.022613525390625
156113911,A,T,0.0477294921875
156113912,G,A,0.01526641845703125
156113912,G,C,0.01641845703125
156113912,G,T,0.022430419921875
156113913,G,A,0.03375244140625
156113913,G,C,0.007080078125
156113913,G,T,0.01340484619140625
156113914,A,C,0.0477294921875
156113914,A,G,0.03619384765625
156113914,A,T,0.005252838134765625
156113915,A,C,0.007080078125
156113915,A,G,0.01641845703125
156113915,A,T,0.036529541015625
156113916,G,A,0.01421356201171875
156113916,G,C,0.023162841796875
156113916,G,T,0.0477294921875
156113917,G,A,0.01421356201171875
156113917,G,C,0.0477294921875
156113917,G,T,0.027862548828125
156113918,G,A,0.0477294921875
156113918,G,C,0.00901031494140625
156113918,G,T,0.01340484619140625
156113919,G,A,0.043212890625
156113919,G,C,0.0269927978515625
156113919,G,T,0.0281982421875
156113920,A,C,0.051971435546875
156113920,A,G,0.0182647705078125
156113920,A,T,0.032562255859375
156113921,C,A,0.0057373046875
156113921,C,G,0.0119476318359375
156113921,C,T,0.005954742431640625
156113922,A,C,0.054718017578125
156113922,A,G,0.05291748046875
156113922,A,T,0.02227783203125
156113923,G,A,0.01421356201171875
156113923,G,C,0.0281982421875
156113923,G,T,0.0
156113924,G,A,0.03228759765625
156113924,G,C,0.0269927978515625
156113924,G,T,0.030303955078125
156113925,A,C,0.0272216796875
156113925,A,G,0.007080078125
156113925,A,T,0.032745361328125
156113926,G,A,0.08392333984375
156113926,G,C,0.040771484375
156113926,G,T,0.033843994140625
156113927,A,C,0.0477294921875
156113927,A,G,0.01617431640625
156113927,A,T,0.0216217041015625
156113928,T,A,0.01074981689453125
156113928,T,C,0.0494384765625
156113928,T,G,0.0218353271484375
156113929,G,A,0.0269927978515625
156113929,G,C,0.0281982421875
156113929,G,T,0.033843994140625
156113930,G,A,0.022613525390625
156113930,G,C,0.0285186767578125
156113930,G,T,0.033843994140625
156113931,A,C,0.027069091796875
156113931,A,G,0.0625
156113931,A,T,0.023468017578125
156113932,A,C,0.027862548828125
156113932,A,G,0.032562255859375
156113932,A,T,0.040771484375
156113933,G,A,0.0268096923828125
156113933,G,C,0.0269927978515625
156113933,G,T,0.040771484375
156113934,G,A,0.04510498046875
156113934,G,C,0.03155517578125
156113934,G,T,0.007080078125
156113935,G,A,0.01097869873046875
156113935,G,C,0.0364990234375
156113935,G,T,0.0269927978515625
156113936,G,A,0.01531219482421875
156113936,G,C,0.0292510986328125
156113936,G,T,0.024383544921875
156113937,C,A,0.01248931884765625
156113937,C,G,0.0182647705078125
156113937,C,T,0.043212890625
156113938,A,C,0.01421356201171875
156113938,A,G,0.08392333984375
156113938,A,T,0.021392822265625
156113939,G,A,0.01421356201171875
156113939,G,C,0.036102294921875
156113939,G,T,0.0269927978515625
156113940,T,A,0.032562255859375
156113940,T,C,0.005702972412109375
156113940,T,G,0.050201416015625
156113941,G,A,0.0
156113941,G,C,0.0200653076171875
156113941,G,T,0.045654296875
156113942,C,A,0.021392822265625
156113942,C,G,0.021392822265625
156113942,C,T,0.040771484375
156113943,C,A,0.01340484619140625
156113943,C,G,0.0
156113943,C,T,0.01617431640625
156113944,T,A,0.0256500244140625
156113944,T,C,0.03460693359375
156113944,T,G,0.02227783203125
156113945,G,A,0.01531219482421875
156113945,G,C,0.0477294921875
156113945,G,T,0.01340484619140625
156113946,G,A,0.0089111328125
156113946,G,C,0.01641845703125
156113946,G,T,0.03790283203125
156113947,C,A,0.045654296875
156113947,C,G,0.0241851806640625
156113947,C,T,0.01531219482421875
156113948,T,A,0.0269927978515625
156113948,T,C,0.037567138671875
156113948,T,G,0.020477294921875
156113949,C,A,0.0272216796875
156113949,C,G,0.005802154541015625
156113949,C,T,0.033843994140625
156113950,C,A,0.0269927978515625
156113950,C,G,0.0196685791015625
156113950,C,T,0.01641845703125
156113951,T,A,0.0361328125
156113951,T,C,0.0760498046875
156113951,T,G,0.0154571533203125
156113952,A,C,0.0423583984375
156113952,A,G,0.0477294921875
156113952,A,T,0.027099609375
156113953,T,A,0.021392822265625
156113953,T,C,0.046661376953125
156113953,T,G,0.0257568359375
156113954,T,A,0.0215606689453125
156113954,T,C,0.048980712890625
156113954,T,G,0.019256591796875
156113955,C,A,0.007396697998046875
156113955,C,G,0.0218353271484375
156113955,C,T,0.00444793701171875
156113956,T,A,0.046661376953125
156113956,T,C,0.027099609375
156113956,T,G,0.0218353271484375
156113957,T,A,0.03814697265625
156113957,T,C,0.02935791015625
156113957,T,G,0.0176544189453125
156113958,G,A,0.03204345703125
156113958,G,C,0.01097869873046875
156113958,G,T,0.01097869873046875
156113959,G,A,0.0447998046875
156113959,G,C,0.0361328125
156113959,G,T,0.02783203125
156113960,C,A,0.03790283203125
156113960,C,G,0.020477294921875
156113960,C,T,0.0230865478515625
156113961,T,A,0.040771484375
156113961,T,C,0.022430419921875
156113961,T,G,0.01074981689453125
156113962,T,A,0.007080078125
156113962,T,C,0.03460693359375
156113962,T,G,0.048980712890625
156113963,T,A,0.017913818359375
156113963,T,C,0.020477294921875
156113963,T,G,0.06060791015625
156113964,C,A,0.045654296875
156113964,C,G,0.032562255859375
156113964,C,T,0.01074981689453125
156113965,T,A,0.017913818359375
156113965,T,C,0.005077362060546875
156113965,T,G,0.0223388671875
156113966,T,A,0.056060791015625
156113966,T,C,0.00444793701171875
156113966,T,G,0.019805908203125
156113967,T,A,0.0154571533203125
156113967,T,C,0.0269927978515625
156113967,T,G,0.0477294921875
156113968,A,C,0.054718017578125
156113968,A,G,0.0477294921875
156113968,A,T,0.007080078125
156113969,G,A,0.01421356201171875
156113969,G,C,0.01421356201171875
156113969,G,T,0.040771484375
156113970,G,A,0.0537109375
156113970,G,C,0.0171966552734375
156113970,G,T,0.033843994140625
156113971,G,A,0.005702972412109375
156113971,G,C,0.017913818359375
156113971,G,T,0.020172119140625
156113972,G,A,0.00787353515625
156113972,G,C,0.01617431640625
156113972,G,T,0.017913818359375
156113973,A,C,0.0450439453125
156113973,A,G,0.032562255859375
156113973,A,T,0.0689697265625
156113974,C,A,0.0494384765625
156113974,C,G,0.03790283203125
156113974,C,T,0.01169586181640625
156113975,T,A,0.033843994140625
156113975,T,C,0.020477294921875
156113975,T,G,0.01340484619140625
156113976,T,A,0.01340484619140625
156113976,T,C,0.045654296875
156113976,T,G,0.014739990234375
156113977,C,A,0.033843994140625
156113977,C,G,0.027862548828125
156113977,C,T,0.03155517578125
156113978,T,A,0.027099609375
156113978,T,C,0.01641845703125
156113978,T,G,0.0269927978515625
156113979,T,A,0.01751708984375
156113979,T,C,0.01340484619140625
156113979,T,G,0.01018524169921875
156113980,T,A,0.037384033203125
156113980,T,C,0.033843994140625
156113980,T,G,0.007080078125
156113981,A,C,0.027099609375
156113981,A,G,0.017913818359375
156113981,A,T,0.017913818359375
156113982,G,A,0.0281982421875
156113982,G,C,0.017913818359375
156113982,G,T,0.045654296875
156113983,G,A,0.0281982421875
156113983,G,C,0.027099609375
156113983,G,T,0.04473876953125
156113984,G,A,0.01421356201171875
156113984,G,C,0.027862548828125
156113984,G,T,0.0269927978515625
156113985,G,A,0.0154571533203125
156113985,G,C,0.040771484375
156113985,G,T,0.0176544189453125
156113986,A,C,0.0256500244140625
156113986,A,G,0.023406982421875
156113986,A,T,0.0269927978515625
156113987,C,A,0.007389068603515625
156113987,C,G,0.0269927978515625
156113987,C,T,0.061798095703125
156113988,T,A,0.0269927978515625
156113988,T,C,0.03887939453125
156113988,T,G,0.01617431640625
156113989,G,A,0.01432037353515625
156113989,G,C,0.0218353271484375
156113989,G,T,0.01340484619140625
156113990,T,A,0.03155517578125
156113990,T,C,0.0484619140625
156113990,T,G,0.055938720703125
156113991,G,A,0.040771484375
156113991,G,C,0.0170135498046875
156113991,G,T,0.0170135498046875
156113992,G,A,0.0269927978515625
156113992,G,C,0.0272216796875
156113992,G,T,0.0361328125
156113993,C,A,0.0269927978515625
156113993,C,G,0.0382080078125
156113993,C,T,0.0
156113994,T,A,0.022430419921875
156113994,T,C,0.007080078125
156113994,T,G,0.020477294921875
156113995,T,A,0.094482421875
156113995,T,C,0.040771484375
156113995,T,G,0.021392822265625
156113996,G,A,0.033843994140625
156113996,G,C,0.021392822265625
156113996,G,T,0.01641845703125
156113997,T,A,0.0285186767578125
156113997,T,C,0.033843994140625
156113997,T,G,0.01018524169921875
156113998,T,A,0.033843994140625
156113998,T,C,0.020477294921875
156113998,T,G,0.01751708984375
156113999,G,A,0.048797607421875
156113999,G,C,0.007080078125
156113999,G,T,0.0308685302734375
156114000,C,A,0.021392822265625
156114000,C,G,0.020172119140625
156114000,C,T,0.01074981689453125
156114001,T,A,0.01340484619140625
156114001,T,C,0.03790283203125
156114001,T,G,0.03155517578125
156114002,T,A,0.0413818359375
156114002,T,C,0.0
156114002,T,G,0.01531219482421875
156114003,G,A,0.033843994140625
156114003,G,C,0.005702972412109375
156114003,G,T,0.03924560546875
156114004,G,A,0.027099609375
156114004,G,C,0.040771484375
156114004,G,T,0.043212890625
156114005,G,A,0.022613525390625
156114005,G,C,0.03155517578125
156114005,G,T,0.03790283203125
156114006,T,A,0.03790283203125
156114006,T,C,0.0325927734375
156114006,T,G,0.0203094482421875
156114007,C,A,0.033843994140625
156114007,C,G,0.01641845703125
156114007,C,T,0.02227783203125
156114008,T,A,0.021392822265625
156114008,T,C,0.007755279541015625
156114008,T,G,0.045379638671875
156114009,A,C,0.032379150390625
156114009,A,G,0.005504608154296875
156114009,A,T,0.021392822265625
156114010,A,C,0.007080078125
156114010,A,G,0.033843994140625
156114010,A,T,0.005359649658203125
156114011,A,C,0.032562255859375
156114011,A,G,0.040771484375
156114011,A,T,0.0
156114012,A,C,0.019256591796875
156114012,A,G,0.01354217529296875
156114012,A,T,0.0477294921875
156114013,A,C,0.021392822265625
156114013,A,G,0.022674560546875
156114013,A,T,0.005954742431640625
156114014,C,A,0.040771484375
156114014,C,G,0.0216217041015625
156114014,C,T,0.0537109375
156114015,G,A,0.0
156114015,G,C,0.020477294921875
156114015,G,T,0.020172119140625
156114016,A,C,0.043212890625
156114016,A,G,0.023406982421875
156114016,A,T,0.0272216796875
156114017,A,C,0.033843994140625
156114017,A,G,0.0406494140625
156114017,A,T,0.0196685791015625
156114018,T,A,0.021392822265625
156114018,T,C,0.023468017578125
156114018,T,G,0.033843994140625
156114019,G,A,0.03155517578125
156114019,G,C,0.07318115234375
156114019,G,T,0.021392822265625
156114020,C,A,0.0256500244140625
156114020,C,G,0.054718017578125
156114020,C,T,0.00592041015625
156114021,T,A,0.03155517578125
156114021,T,C,0.0298004150390625
156114021,T,G,0.01751708984375
156114022,T,A,0.0
156114022,T,C,0.0170135498046875
156114022,T,G,0.0281982421875
156114023,G,A,0.0269927978515625
156114023,G,C,0.0253143310546875
156114023,G,T,0.01526641845703125
156114024,G,A,0.0308685302734375
156114024,G,C,0.032562255859375
156114024,G,T,0.0
156114025,C,A,0.0218353271484375
156114025,C,G,0.023406982421875
156114025,C,T,0.0154571533203125
156114026,T,A,0.0477294921875
156114026,T,C,0.0269927978515625
156114026,T,G,0.0477294921875
156114027,T,A,0.0269927978515625
156114027,T,C,0.041656494140625
156114027,T,G,0.0484619140625
156114028,T,A,0.0281982421875
156114028,T,C,0.03790283203125
156114028,T,G,0.01421356201171875
156114029,G,A,0.0
156114029,G,C,0.0406494140625
156114029,G,T,0.0282745361328125
156114030,A,C,0.0299072265625
156114030,A,G,0.0256500244140625
156114030,A,T,0.032562255859375
156114031,A,C,0.033843994140625
156114031,A,G,0.0298004150390625
156114031,A,T,0.043212890625
156114032,G,A,0.023406982421875
156114032,G,C,0.0477294921875
156114032,G,T,0.01316070556640625
156114033,A,C,0.02227783203125
156114033,A,G,0.01354217529296875
156114033,A,T,0.0261383056640625
156114034,G,A,0.033843994140625
156114034,G,C,0.0364990234375
156114034,G,T,0.0216217041015625
156114035,A,C,0.0272216796875
156114035,A,G,0.0269927978515625
156114035,A,T,0.053070068359375
156114036,G,A,0.0257568359375
156114036,G,C,0.007080078125
156114036,G,T,0.01751708984375
156114037,A,C,0.005527496337890625
156114037,A,G,0.040771484375
156114037,A,T,0.0269927978515625
156114038,T,A,0.020477294921875
156114038,T,C,0.021392822265625
156114038,T,G,0.04290771484375
156114039,A,C,0.030303955078125
156114039,A,G,0.0216217041015625
156114039,A,T,0.032562255859375
156114040,G,A,0.03375244140625
156114040,G,C,0.040771484375
156114040,G,T,0.01340484619140625
156114041,A,C,0.01340484619140625
156114041,A,G,0.007080078125
156114041,A,T,0.020172119140625
156114042,T,A,0.032562255859375
156114042,T,C,0.0477294921875
156114042,T,G,0.033843994140625
156114043,T,A,0.006374359130859375
156114043,T,C,0.0382080078125
156114043,T,G,0.036102294921875
156114044,G,A,0.01531219482421875
156114044,G,C,0.03155517578125
156114044,G,T,0.043212890625
156114045,G,A,0.0197906494140625
156114045,G,C,0.0154571533203125
156114045,G,T,0.0269927978515625
156114046,G,A,0.03375244140625
156114046,G,C,0.033843994140625
156114046,G,T,0.0154571533203125
156114047,G,A,0.0
156114047,G,C,0.01421356201171875
156114047,G,T,0.0215606689453125
156114048,C,A,0.037322998046875
156114048,C,G,0.033843994140625
156114048,C,T,0.01354217529296875
156114049,A,C,0.01432037353515625
156114049,A,G,0.045654296875
156114049,A,T,0.0170135498046875
156114050,A,C,0.0269927978515625
156114050,A,G,0.033843994140625
156114050,A,T,0.032379150390625
156114051,A,C,0.0318603515625
156114051,A,G,0.033843994140625
156114051,A,T,0.0484619140625
156114052,A,C,0.0269927978515625
156114052,A,G,0.0447998046875
156114052,A,T,0.007080078125
156114053,G,A,0.0091705322265625
156114053,G,C,0.048797607421875
156114053,G,T,0.0257568359375
156114054,A,C,0.01421356201171875
156114054,A,G,0.01432037353515625
156114054,A,T,0.020172119140625
156114055,A,C,0.01593017578125
156114055,A,G,0.0269927978515625
156114055,A,T,0.020477294921875
156114056,A,C,0.0216217041015625
156114056,A,G,0.0269927978515625
156114056,A,T,0.007080078125
156114057,G,A,0.006679534912109375
156114057,G,C,0.0269927978515625
156114057,G,T,0.0266876220703125
156114058,A,C,0.045654296875
156114058,A,G,0.05316162109375
156114058,A,T,0.01421356201171875
156114059,A,C,0.0269927978515625
156114059,A,G,0.061798095703125
156114059,A,T,0.033843994140625
156114060,A,C,0.043212890625
156114060,A,G,0.0230865478515625
156114060,A,T,0.01340484619140625
156114061,A,C,0.005954742431640625
156114061,A,G,0.03265380859375
156114061,A,T,0.0202789306640625
156114062,A,C,0.040771484375
156114062,A,G,0.040771484375
156114062,A,T,0.0202789306640625
156114063,A,C,0.033843994140625
156114063,A,G,0.033843994140625
156114063,A,T,0.01605224609375
156114064,A,C,0.0269927978515625
156114064,A,G,0.033843994140625
156114064,A,T,0.01751708984375
156114065,G,A,0.0281982421875
156114065,G,C,0.023406982421875
156114065,G,T,0.0292510986328125
156114066,G,A,0.0272216796875
156114066,G,C,0.053070068359375
156114066,G,T,0.0484619140625
156114067,G,A,0.045654296875
156114067,G,C,0.032379150390625
156114067,G,T,0.017913818359375
156114068,A,C,0.0170135498046875
156114068,A,G,0.03173828125
156114068,A,T,0.00713348388671875
156114069,C,A,0.040771484375
156114069,C,G,0.022430419921875
156114069,C,T,0.0230865478515625
156114070,C,A,0.020172119140625
156114070,C,G,0.02203369140625
156114070,C,T,0.0269927978515625
156114071,C,A,0.0313720703125
156114071,C,G,0.0406494140625
156114071,C,T,0.0269927978515625
156114072,C,A,0.037384033203125
156114072,C,G,0.027069091796875
156114072,C,T,0.020172119140625
156114073,C,A,0.033843994140625
156114073,C,G,0.004062652587890625
156114073,C,T,0.01421356201171875
156114074,C,A,0.03790283203125
156114074,C,G,0.00789642333984375
156114074,C,T,0.03924560546875
156114075,A,C,0.0
156114075,A,G,0.0170135498046875
156114075,A,T,0.0256500244140625
156114076,A,C,0.03790283203125
156114076,A,G,0.0170135498046875
156114076,A,T,0.0477294921875
156114077,A,C,0.022430419921875
156114077,A,G,0.024688720703125
156114077,A,T,0.0170135498046875
156114078,C,A,0.0269927978515625
156114078,C,G,0.0269927978515625
156114078,C,T,0.0272216796875
156114079,T,A,0.033843994140625
156114079,T,C,0.03790283203125
156114079,T,G,0.020477294921875
156114080,C,A,0.005077362060546875
156114080,C,G,0.045654296875
156114080,C,T,0.022674560546875
156114081,C,A,0.0206146240234375
156114081,C,G,0.0154571533203125
156114081,C,T,0.0269927978515625
156114082,T,A,0.01018524169921875
156114082,T,C,0.023406982421875
156114082,T,G,0.0269927978515625
156114083,T,A,0.046661376953125
156114083,T,C,0.032562255859375
156114083,T,G,0.040771484375
156114084,G,A,0.032562255859375
156114084,G,C,0.0269927978515625
156114084,G,T,0.0194091796875
156114085,A,C,0.0269927978515625
156114085,A,G,0.01421356201171875
156114085,A,T,0.050201416015625
156114086,T,A,0.01531219482421875
156114086,T,C,0.01074981689453125
156114086,T,G,0.020172119140625
156114087,C,A,0.056884765625
156114087,C,G,0.0
156114087,C,T,0.045654296875
156114088,C,A,0.033843994140625
156114088,C,G,0.032562255859375
156114088,C,T,0.0269927978515625
156114089,C,A,0.023162841796875
156114089,C,G,0.03790283203125
156114089,C,T,0.040771484375
156114090,T,A,0.0223388671875
156114090,T,C,0.022430419921875
156114090,T,G,0.01373291015625
156114091,G,A,0.022430419921875
156114091,G,C,0.0272674560546875
156114091,G,T,0.0269927978515625
156114092,G,A,0.0070343017578125
156114092,G,C,0.022430419921875
156114092,G,T,0.006679534912109375
156114093,C,A,0.020477294921875
156114093,C,G,0.021392822265625
156114093,C,T,0.032379150390625
156114094,C,A,0.0
156114094,C,G,0.03375244140625
156114094,C,T,0.0282745361328125
156114095,C,A,0.006374359130859375
156114095,C,G,0.040771484375
156114095,C,T,0.0269927978515625
156114096,C,A,0.01340484619140625
156114096,C,G,0.0285186767578125
156114096,C,T,0.007080078125
156114097,A,C,0.01751708984375
156114097,A,G,0.0216217041015625
156114097,A,T,0.0269927978515625
156114098,A,C,0.0269927978515625
156114098,A,G,0.040771484375
156114098,A,T,0.03790283203125
156114099,A,C,0.00829315185546875
156114099,A,G,0.01169586181640625
156114099,A,T,0.032562255859375
156114100,C,A,0.045501708984375
156114100,C,G,0.01354217529296875
156114100,C,T,0.027099609375
156114101,T,A,0.0238037109375
156114101,T,C,0.0216217041015625
156114101,T,G,0.023406982421875
156114102,G,A,0.0224761962890625
156114102,G,C,0.0269927978515625
156114102,G,T,0.017913818359375
156114103,G,A,0.0242156982421875
156114103,G,C,0.0711669921875
156114103,G,T,0.0406494140625
156114104,G,A,0.0625
156114104,G,C,0.088134765625
156114104,G,T,0.020172119140625
156114105,G,A,0.0625
156114105,G,C,0.040771484375
156114105,G,T,0.0625
156114106,G,A,0.0269927978515625
156114106,G,C,0.040771484375
156114106,G,T,0.095947265625
156114107,C,A,0.03619384765625
156114107,C,G,0.0154571533203125
156114107,C,T,0.0477294921875
156114108,A,C,0.040771484375
156114108,A,G,0.03350830078125
156114108,A,T,0.0272216796875
156114109,T,A,0.0496826171875
156114109,T,C,0.01401519775390625
156114109,T,G,0.0361328125
156114110,A,C,0.0269927978515625
156114110,A,G,0.040771484375
156114110,A,T,0.0382080078125
156114111,A,C,0.0269927978515625
156114111,A,G,0.032379150390625
156114111,A,T,0.032379150390625
156114112,A,C,0.0474853515625
156114112,A,G,0.027862548828125
156114112,A,T,0.072998046875
156114113,G,A,0.0154571533203125
156114113,G,C,0.027862548828125
156114113,G,T,0.040985107421875
156114114,G,A,0.020904541015625
156114114,G,C,0.0477294921875
156114114,G,T,0.0538330078125
156114115,A,C,0.020477294921875
156114115,A,G,0.0281982421875
156114115,A,T,0.0209503173828125
156114116,A,C,0.020172119140625
156114116,A,G,0.048797607421875
156114116,A,T,0.043212890625
156114117,C,A,0.038055419921875
156114117,C,G,0.029998779296875
156114117,C,T,0.005504608154296875
156114118,T,A,0.0269927978515625
156114118,T,C,0.01751708984375
156114118,T,G,0.01483154296875
156114119,C,A,0.06683349609375
156114119,C,G,0.0760498046875
156114119,C,T,0.0216217041015625
156114120,A,C,0.0538330078125
156114120,A,G,0.025604248046875
156114120,A,T,0.0450439453125
156114121,G,A,0.0965576171875
156114121,G,C,0.2259521484375
156114121,G,T,0.10491943359375
156114122,G,A,0.1090087890625
156114122,G,C,0.1131591796875
156114122,G,T,0.0413818359375
156114123,T,A,0.075439453125
156114123,T,C,0.1090087890625
156114123,T,G,0.06671142578125
156114124,T,A,0.1171875
156114124,T,C,0.03338623046875
156114124,T,G,0.0
156114125,C,A,0.088134765625
156114125,C,G,0.0286865234375
156114125,C,T,0.06805419921875
156114126,C,A,0.03460693359375
156114126,C,G,0.035247802734375
156114126,C,T,0.072998046875
156114127,A,C,0.093994140625
156114127,A,G,0.157470703125
156114127,A,T,0.161376953125
156114128,G,A,0.1131591796875
156114128,G,C,0.1427001953125
156114128,G,T,0.1475830078125
156114129,A,C,0.038055419921875
156114129,A,G,0.03338623046875
156114129,A,T,0.07122802734375
156114130,A,C,0.03460693359375
156114130,A,G,0.0286865234375
156114130,A,T,0.0413818359375
156114131,C,A,0.03338623046875
156114131,C,G,0.023956298828125
156114131,C,T,0.020172119140625
156114132,T,A,0.0206146240234375
156114132,T,C,0.08160400390625
156114132,T,G,0.032562255859375
156114133,T,A,0.017913818359375
156114133,T,C,0.01531219482421875
156114133,T,G,0.01212310791015625
156114134,T,A,0.0269927978515625
156114134,T,C,0.040771484375
156114134,T,G,0.007083892822265625
156114135,G,A,0.037384033203125
156114135,G,C,0.133544921875
156114135,G,T,0.54638671875
156114136,C,A,0.08160400390625
156114136,C,G,0.1171875
156114136,C,T,0.027862548828125
156114137,T,A,0.0966796875
156114137,T,C,0.020477294921875
156114137,T,G,0.17041015625
156114138,C,A,0.10687255859375
156114138,C,G,0.06671142578125
156114138,C,T,0.088134765625
156114139,C,A,0.0070343017578125
156114139,C,G,0.01262664794921875
156114139,C,T,0.1495361328125
156114140,C,A,0.01421356201171875
156114140,C,G,0.323974609375
156114140,C,T,0.1807861328125
156114141,C,A,0.0477294921875
156114141,C,G,0.03173828125
156114141,C,T,0.088134765625
156114142,C,A,0.10491943359375
156114142,C,G,0.1495361328125
156114142,C,T,0.020172119140625
156114143,C,A,0.08160400390625
156114143,C,G,0.01531219482421875
156114143,C,T,0.03900146484375
156114144,A,C,0.021392822265625
156114144,A,G,0.07659912109375
156114144,A,T,0.0439453125
156114145,G,A,0.1171875
156114145,G,C,0.055572509765625
156114145,G,T,0.1541748046875
156114146,G,A,0.1015625
156114146,G,C,0.036102294921875
156114146,G,T,0.07061767578125
156114147,G,A,0.0711669921875
156114147,G,C,0.0625
156114147,G,T,0.1488037109375
156114148,A,C,0.0050506591796875
156114148,A,G,0.01180267333984375
156114148,A,T,0.1328125
156114149,A,C,0.1595458984375
156114149,A,G,0.075439453125
156114149,A,T,0.09234619140625
156114150,C,A,0.06683349609375
156114150,C,G,0.08392333984375
156114150,C,T,0.1495361328125
156114151,C,A,0.075439453125
156114151,C,G,0.1295166015625
156114151,C,T,0.0494384765625
156114152,C,A,0.0797119140625
156114152,C,G,0.157470703125
156114152,C,T,0.061767578125
156114153,A,C,0.00592041015625
156114153,A,G,0.006679534912109375
156114153,A,T,0.044586181640625
156114154,G,A,0.0538330078125
156114154,G,C,0.0965576171875
156114154,G,T,0.01129913330078125
156114155,G,A,0.0711669921875
156114155,G,C,0.043975830078125
156114155,G,T,0.033843994140625
156114156,C,A,0.0450439453125
156114156,C,G,0.08160400390625
156114156,C,T,0.41015625
156114157,A,C,0.0899658203125
156114157,A,G,0.00713348388671875
156114157,A,T,0.101806640625
156114158,T,A,0.0716552734375
156114158,T,C,0.06671142578125
156114158,T,G,0.112060546875
156114159,T,A,0.1925048828125
156114159,T,C,0.1759033203125
156114159,T,G,0.08660888671875
156114160,C,A,0.1328125
156114160,C,G,0.1171875
156114160,C,T,0.061767578125
156114161,C,A,0.044342041015625
156114161,C,G,0.05401611328125
156114161,C,T,0.0272216796875
156114162,T,A,0.0625
156114162,T,C,0.10687255859375
156114162,T,G,0.157470703125
156114163,T,A,0.036102294921875
156114163,T,C,0.0203094482421875
156114163,T,G,0.196044921875
156114164,C,A,0.1595458984375
156114164,C,G,0.215087890625
156114164,C,T,0.13818359375
156114165,T,A,0.1275634765625
156114165,T,C,0.01641845703125
156114165,T,G,0.08465576171875
156114166,C,A,0.1488037109375
156114166,C,G,0.232421875
156114166,C,T,0.17041015625
156114167,C,A,0.1434326171875
156114167,C,G,0.244140625
156114167,C,T,0.1868896484375
156114168,A,C,0.01526641845703125
156114168,A,G,0.165283203125
156114168,A,T,0.0450439453125
156114169,C,A,0.04144287109375
156114169,C,G,0.00787353515625
156114169,C,T,0.0292510986328125
156114170,C,A,0.06884765625
156114170,C,G,0.133544921875
156114170,C,T,0.0625
156114171,C,A,0.09234619140625
156114171,C,G,0.165283203125
156114171,C,T,0.0703125
156114172,C,A,0.1090087890625
156114172,C,G,0.173095703125
156114172,C,T,0.05816650390625
156114173,A,C,0.1534423828125
156114173,A,G,0.1131591796875
156114173,A,T,0.0711669921875
156114174,C,A,0.051971435546875
156114174,C,G,0.0161895751953125
156114174,C,T,0.173095703125
156114175,T,A,0.349365234375
156114175,T,C,0.0760498046875
156114175,T,G,0.055938720703125
156114176,C,A,0.040985107421875
156114176,C,G,0.0711669921875
156114176,C,T,0.02777099609375
156114177,C,A,0.17041015625
156114177,C,G,0.1649169921875
156114177,C,T,0.04327392578125
156114178,T,A,0.10040283203125
156114178,T,C,0.10040283203125
156114178,T,G,0.004638671875
156114179,G,A,0.038055419921875
156114179,G,C,0.0413818359375
156114179,G,T,0.03338623046875
156114180,G,A,0.02777099609375
156114180,G,C,0.0218353271484375
156114180,G,T,0.11328125
156114181,C,A,0.133544921875
156114181,C,G,0.023956298828125
156114181,C,T,0.056549072265625
156114182,A,C,0.1759033203125
156114182,A,G,0.1007080078125
156114182,A,T,0.06817626953125
156114183,C,A,0.0413818359375
156114183,C,G,0.1416015625
156114183,C,T,0.003955841064453125
156114184,A,C,0.1541748046875
156114184,A,G,0.161376953125
156114184,A,T,0.0157318115234375
156114185,C,A,0.0711669921875
156114185,C,G,0.03619384765625
156114185,C,T,0.0240325927734375
156114186,T,A,0.0406494140625
156114186,T,C,0.046142578125
156114186,T,G,0.1416015625
156114187,G,A,0.052032470703125
156114187,G,C,0.0797119140625
156114187,G,T,0.007080078125
156114188,A,C,0.1416015625
156114188,A,G,0.03466796875
156114188,A,T,0.107421875
156114189,G,A,0.0170135498046875
156114189,G,C,0.0
156114189,G,T,0.047576904296875
156114190,A,C,0.1375732421875
156114190,A,G,0.255859375
156114190,A,T,0.0406494140625
156114191,T,A,0.133544921875
156114191,T,C,0.1295166015625
156114191,T,G,0.005077362060546875
156114192,G,A,0.01508331298828125
156114192,G,C,0.121337890625
156114192,G,T,0.02862548828125
156114193,C,A,0.0494384765625
156114193,C,G,0.035919189453125
156114193,C,T,0.101806640625
156114194,A,C,0.0251007080078125
156114194,A,G,0.01421356201171875
156114194,A,T,0.04071044921875
156114195,G,A,0.040771484375
156114195,G,C,0.32373046875
156114195,G,T,0.04718017578125
156114196,C,A,0.0318603515625
156114196,C,G,0.330078125
156114196,C,T,0.061767578125
156114197,T,A,0.043975830078125
156114197,T,C,0.07659912109375
156114197,T,G,0.0797119140625
156114198,C,A,0.055267333984375
156114198,C,G,0.03753662109375
156114198,C,T,0.01137542724609375
156114199,T,A,0.061767578125
156114199,T,C,0.0
156114199,T,G,0.0
156114200,G,A,0.03277587890625
156114200,G,C,0.061767578125
156114200,G,T,0.052032470703125
156114201,A,C,0.044586181640625
156114201,A,G,0.048980712890625
156114201,A,T,0.056884765625
156114202,A,C,0.051971435546875
156114202,A,G,0.2093505859375
156114202,A,T,0.72509765625
156114203,T,A,0.0
156114203,T,C,0.048797607421875
156114203,T,G,0.23828125
156114204,G,A,0.12548828125
156114204,G,C,0.20361328125
156114204,G,T,0.240478515625
156114205,G,A,0.1131591796875
156114205,G,C,0.12548828125
156114205,G,T,0.09234619140625
156114206,G,A,0.2900390625
156114206,G,C,0.1884765625
156114206,G,T,0.1131591796875
156114207,C,A,0.1595458984375
156114207,C,G,0.362548828125
156114207,C,T,0.1868896484375
156114208,T,A,0.018096923828125
156114208,T,C,0.296875
156114208,T,G,0.1131591796875
156114209,G,A,0.10687255859375
156114209,G,C,0.215087890625
156114209,G,T,0.1488037109375
156114210,C,A,0.165283203125
156114210,C,G,0.1295166015625
156114210,C,T,0.01340484619140625
156114211,C,A,0.13818359375
156114211,C,G,0.01340484619140625
156114211,C,T,0.05230712890625
156114212,C,A,0.0518798828125
156114212,C,G,0.14404296875
156114212,C,T,0.08111572265625
156114213,A,C,0.051971435546875
156114213,A,G,0.061798095703125
156114213,A,T,0.0132293701171875
156114214,C,A,0.215087890625
156114214,C,G,0.82080078125
156114214,C,T,0.2093505859375
156114215,G,A,0.1925048828125
156114215,G,C,0.609375
156114215,G,T,0.23828125
156114216,T,A,0.1759033203125
156114216,T,C,0.1363525390625
156114216,T,G,0.2861328125
156114217,G,A,0.1201171875
156114217,G,C,0.09783935546875
156114217,G,T,0.1488037109375
156114218,T,A,0.2332763671875
156114218,T,C,0.1455078125
156114218,T,G,0.0701904296875
156114219,G,A,0.0119476318359375
156114219,G,C,0.337158203125
156114219,G,T,0.20361328125
156114220,G,A,0.08392333984375
156114220,G,C,0.218505859375
156114220,G,T,0.023468017578125
156114221,A,C,0.007755279541015625
156114221,A,G,0.181396484375
156114221,A,T,0.1868896484375
156114222,G,A,0.06060791015625
156114222,G,C,0.1475830078125
156114222,G,T,0.1295166015625
156114223,G,A,0.10577392578125
156114223,G,C,0.218505859375
156114223,G,T,0.1436767578125
156114224,G,A,0.282958984375
156114224,G,C,0.443115234375
156114224,G,T,1.375
156114225,G,A,0.1807861328125
156114225,G,C,0.2548828125
156114225,G,T,0.0703125
156114226,G,A,0.15576171875
156114226,G,C,0.56103515625
156114226,G,T,0.1796875
156114227,G,A,0.171630859375
156114227,G,C,0.281005859375
156114227,G,T,0.1981201171875
156114228,T,A,0.121337890625
156114228,T,C,0.048980712890625
156114228,T,G,0.06494140625
156114229,T,A,0.101806640625
156114229,T,C,0.116455078125
156114229,T,G,0.0716552734375
156114230,G,A,0.1171875
156114230,G,C,0.1416015625
156114230,G,T,0.08062744140625
156114231,G,A,0.0809326171875
156114231,G,C,0.276123046875
156114231,G,T,0.1807861328125
156114232,G,A,0.369384765625
156114232,G,C,0.363037109375
156114232,G,T,0.2259521484375
156114233,G,A,0.196044921875
156114233,G,C,0.337158203125
156114233,G,T,0.07470703125
156114234,T,A,0.2325439453125
156114234,T,C,0.1358642578125
156114234,T,G,0.6435546875
156114235,G,A,0.284912109375
156114235,G,C,0.7021484375
156114235,G,T,0.17724609375
156114236,A,C,0.262939453125
156114236,A,G,0.277587890625
156114236,A,T,0.262939453125
156114237,C,A,0.171630859375
156114237,C,G,0.72412109375
156114237,C,T,0.171630859375
156114238,T,A,0.217041015625
156114238,T,C,0.489501953125
156114238,T,G,0.111083984375
156114239,C,A,0.2301025390625
156114239,C,G,0.224853515625
156114239,C,T,0.262939453125
156114240,A,C,0.262939453125
156114240,A,G,0.206298828125
156114240,A,T,0.270263671875
156114241,C,A,0.2208251953125
156114241,C,G,0.206298828125
156114241,C,T,0.07061767578125
156114242,T,A,0.08392333984375
156114242,T,C,0.157470703125
156114242,T,G,0.1884765625
156114243,A,C,0.06683349609375
156114243,A,G,0.0965576171875
156114243,A,T,0.050628662109375
156114244,T,A,0.04736328125
156114244,T,C,0.0965576171875
156114244,T,G,0.0540771484375
156114245,T,A,0.0286865234375
156114245,T,C,0.051971435546875
156114245,T,G,0.1090087890625
156114246,A,C,0.2259521484375
156114246,A,G,0.088134765625
156114246,A,T,0.0965576171875
156114247,C,A,0.1171875
156114247,C,G,0.1649169921875
156114247,C,T,0.03466796875
156114248,T,A,0.0450439453125
156114248,T,C,0.1275634765625
156114248,T,G,0.196044921875
156114249,A,C,0.09161376953125
156114249,A,G,0.10491943359375
156114249,A,T,0.03619384765625
156114250,C,A,0.261962890625
156114250,C,G,0.3173828125
156114250,C,T,0.1759033203125
156114251,T,A,0.0625
156114251,T,C,0.161376953125
156114251,T,G,0.034027099609375
156114252,G,A,0.03619384765625
156114252,G,C,0.4130859375
156114252,G,T,0.161376953125
156114253,G,A,0.0797119140625
156114253,G,C,0.33056640625
156114253,G,T,0.0450439453125
156114254,G,A,0.3037109375
156114254,G,C,0.06512451171875
156114254,G,T,0.215087890625
156114255,A,C,0.0794677734375
156114255,A,G,0.65234375
156114255,A,T,0.2037353515625
156114256,G,A,0.12548828125
156114256,G,C,0.21044921875
156114256,G,T,0.042755126953125
156114257,G,A,0.240478515625
156114257,G,C,0.1455078125
156114257,G,T,0.075439453125
156114258,A,C,0.0458984375
156114258,A,G,0.489501953125
156114258,A,T,0.46728515625
156114259,C,A,0.1898193359375
156114259,C,G,0.114013671875
156114259,C,T,0.25
156114260,A,C,0.2548828125
156114260,A,G,0.2265625
156114260,A,T,0.04461669921875
156114261,G,A,0.33056640625
156114261,G,C,0.42529296875
156114261,G,T,0.18603515625
156114262,G,A,0.454833984375
156114262,G,C,0.65380859375
156114262,G,T,0.35009765625
156114263,G,A,0.7021484375
156114263,G,C,0.73828125
156114263,G,T,0.14111328125
156114264,G,A,0.282958984375
156114264,G,C,0.07550048828125
156114264,G,T,0.1015625
156114265,G,A,0.059967041015625
156114265,G,C,0.0654296875
156114265,G,T,0.330078125
156114266,A,C,0.08367919921875
156114266,A,G,0.740234375
156114266,A,T,0.1868896484375
156114267,G,A,0.116455078125
156114267,G,C,0.224853515625
156114267,G,T,0.2164306640625
156114268,C,A,0.149169921875
156114268,C,G,0.2265625
156114268,C,T,0.255859375
156114269,C,A,0.06927490234375
156114269,C,G,0.021392822265625
156114269,C,T,0.343017578125
156114270,A,C,0.07537841796875
156114270,A,G,0.1807861328125
156114270,A,T,0.23828125
156114271,G,A,0.004619598388671875
156114271,G,C,0.0694580078125
156114271,G,T,0.004596710205078125
156114272,T,A,0.1434326171875
156114272,T,C,0.406982421875
156114272,T,G,0.438232421875
156114273,G,A,0.066650390625
156114273,G,C,0.369384765625
156114273,G,T,0.0
156114274,G,A,0.1884765625
156114274,G,C,0.240478515625
156114274,G,T,0.11932373046875
156114275,T,A,0.173095703125
156114275,T,C,0.282958984375
156114275,T,G,0.52783203125
156114276,G,A,0.1868896484375
156114276,G,C,0.061065673828125
156114276,G,T,0.13818359375
156114277,G,A,0.2861328125
156114277,G,C,0.362548828125
156114277,G,T,0.45263671875
156114278,A,C,0.1488037109375
156114278,A,G,0.403076171875
156114278,A,T,0.35595703125
156114279,A,C,0.1256103515625
156114279,A,G,0.244140625
156114279,A,T,0.112060546875
156114280,G,A,0.32373046875
156114280,G,C,0.1649169921875
156114280,G,T,0.280029296875
156114281,A,C,0.146484375
156114281,A,G,0.1981201171875
156114281,A,T,0.4169921875
156114282,A,C,0.51171875
156114282,A,G,0.200439453125
156114282,A,T,0.00951385498046875
156114283,G,A,0.437255859375
156114283,G,C,0.5498046875
156114283,G,T,0.356689453125
156114284,G,A,0.841796875
156114284,G,C,0.6884765625
156114284,G,T,0.97314453125
156114285,G,A,0.76171875
156114285,G,C,0.76708984375
156114285,G,T,0.93994140625
156114286,T,A,0.86962890625
156114286,T,C,0.73974609375
156114286,T,G,0.94580078125
156114287,G,A,0.98291015625
156114287,G,C,0.99169921875
156114287,G,T,0.83642578125
156114288,A,C,0.62744140625
156114288,A,G,0.908203125
156114288,A,T,1.029296875
156114289,G,A,1.2734375
156114289,G,C,1.359375
156114289,G,T,1.3720703125
156114290,T,A,0.5751953125
156114290,T,C,0.57080078125
156114290,T,G,0.62744140625
156114291,C,A,0.92626953125
156114291,C,G,0.476806640625
156114291,C,T,0.669921875
156114292,A,C,0.52099609375
156114292,A,G,0.32470703125
156114292,A,T,0.640625
156114293,C,A,0.28564453125
156114293,C,G,0.1773681640625
156114293,C,T,0.1297607421875
156114294,A,C,0.09527587890625
156114294,A,G,0.10491943359375
156114294,A,T,0.05816650390625
156114295,C,A,0.160400390625
156114295,C,G,0.149169921875
156114295,C,T,0.160400390625
156114296,T,A,0.07958984375
156114296,T,C,0.075439453125
156114296,T,G,0.03619384765625
156114297,G,A,0.09783935546875
156114297,G,C,0.07745361328125
156114297,G,T,0.040771484375
156114298,A,C,0.114013671875
156114298,A,G,0.2081298828125
156114298,A,T,0.07122802734375
156114299,T,A,0.125
156114299,T,C,0.160888671875
156114299,T,G,0.218505859375
156114300,G,A,0.1318359375
156114300,G,C,0.13818359375
156114300,G,T,0.107666015625
156114301,G,A,0.1318359375
156114301,G,C,0.1318359375
156114301,G,T,0.10198974609375
156114302,G,A,0.06494140625
156114302,G,C,0.0458984375
156114302,G,T,0.07745361328125
156114303,C,A,0.04669189453125
156114303,C,G,0.06683349609375
156114303,C,T,0.1007080078125
156114304,A,C,0.1375732421875
156114304,A,G,0.05816650390625
156114304,A,T,0.0538330078125
156114305,C,A,0.02777099609375
156114305,C,G,0.0836181640625
156114305,C,T,0.03289794921875
156114306,C,A,0.044097900390625
156114306,C,G,0.05865478515625
156114306,C,T,0.0537109375
156114307,A,C,0.03948974609375
156114307,A,G,0.023406982421875
156114307,A,T,0.1363525390625
156114308,G,A,0.043975830078125
156114308,G,C,0.03887939453125
156114308,G,T,0.1378173828125
156114309,C,A,0.03289794921875
156114309,C,G,0.033843994140625
156114309,C,T,0.006679534912109375
156114310,C,A,0.0716552734375
156114310,C,G,0.06475830078125
156114310,C,T,0.0538330078125
156114311,T,A,0.0413818359375
156114311,T,C,0.06317138671875
156114311,T,G,0.051239013671875
156114312,C,A,0.08392333984375
156114312,C,G,0.01340484619140625
156114312,C,T,0.0965576171875
156114313,A,C,0.0836181640625
156114313,A,G,0.05865478515625
156114313,A,T,0.044586181640625
156114314,G,A,0.01018524169921875
156114314,G,C,0.0557861328125
156114314,G,T,0.0116424560546875
156114315,C,A,0.12115478515625
156114315,C,G,0.1060791015625
156114315,C,T,0.05517578125
156114316,C,A,0.083984375
156114316,C,G,0.0694580078125
156114316,C,T,0.09869384765625
156114317,C,A,0.11358642578125
156114317,C,G,0.1837158203125
156114317,C,T,0.12115478515625
156114318,T,A,0.254638671875
156114318,T,C,0.2039794921875
156114318,T,G,0.1004638671875
156114319,C,A,0.01340484619140625
156114319,C,G,0.1488037109375
156114319,C,T,0.0869140625
156114320,C,A,0.2081298828125
156114320,C,G,0.15576171875
156114320,C,T,0.298828125
156114321,C,A,0.15478515625
156114321,C,G,0.1766357421875
156114321,C,T,0.11553955078125
156114322,C,A,0.1558837890625
156114322,C,G,0.159912109375
156114322,C,T,0.1558837890625
156114323,C,A,0.168212890625
156114323,C,G,0.135498046875
156114323,C,T,0.121826171875
156114324,C,A,0.057952880859375
156114324,C,G,0.049713134765625
156114324,C,T,0.08062744140625
156114325,A,C,0.03582763671875
156114325,A,G,0.05230712890625
156114325,A,T,0.028564453125
156114326,C,A,0.1273193359375
156114326,C,G,0.1158447265625
156114326,C,T,0.0694580078125
156114327,T,A,0.06494140625
156114327,T,C,0.07672119140625
156114327,T,G,0.006374359130859375
156114328,T,A,0.048980712890625
156114328,T,C,0.019927978515625
156114328,T,G,0.0132293701171875
156114329,T,A,0.224853515625
156114329,T,C,0.03302001953125
156114329,T,G,0.0584716796875
156114330,C,A,0.00412750244140625
156114330,C,G,0.0
156114330,C,T,0.046142578125
156114331,C,A,0.149169921875
156114331,C,G,0.01373291015625
156114331,C,T,0.007080078125
156114332,T,A,0.016693115234375
156114332,T,C,0.10040283203125
156114332,T,G,0.0458984375
156114333,G,A,0.121337890625
156114333,G,C,0.1090087890625
156114333,G,T,0.1375732421875
156114334,G,A,0.0538330078125
156114334,G,C,0.03948974609375
156114334,G,T,0.06494140625
156114335,C,A,0.020904541015625
156114335,C,G,0.11273193359375
156114335,C,T,0.055267333984375
156114336,T,A,0.07440185546875
156114336,T,C,0.1773681640625
156114336,T,G,0.01340484619140625
156114337,C,A,0.03411865234375
156114337,C,G,0.08160400390625
156114337,C,T,0.0
156114338,C,A,0.050537109375
156114338,C,G,0.0537109375
156114338,C,T,0.0272216796875
156114339,C,A,0.0458984375
156114339,C,G,0.007080078125
156114339,C,T,0.013336181640625
156114340,A,C,0.06805419921875
156114340,A,G,0.0264892578125
156114340,A,T,0.0
156114341,G,A,0.048095703125
156114341,G,C,0.2047119140625
156114341,G,T,0.09869384765625
156114342,C,A,0.00965118408203125
156114342,C,G,0.029022216796875
156114342,C,T,0.0
156114343,C,A,0.01444244384765625
156114343,C,G,0.02362060546875
156114343,C,T,0.00830841064453125
156114344,C,A,0.1488037109375
156114344,C,G,0.083984375
156114344,C,T,0.0694580078125
156114345,T,A,0.1434326171875
156114345,T,C,0.2164306640625
156114345,T,G,0.08062744140625
156114346,G,A,0.09130859375
156114346,G,C,0.10040283203125
156114346,G,T,0.03619384765625
156114347,C,A,0.03338623046875
156114347,C,G,0.041656494140625
156114347,C,T,0.0
156114348,C,A,0.05865478515625
156114348,C,G,0.0091705322265625
156114348,C,T,0.07470703125
156114349,T,A,0.03900146484375
156114349,T,C,0.1376953125
156114349,T,G,0.0836181640625
156114350,A,C,0.1492919921875
156114350,A,G,0.1492919921875
156114350,A,T,0.1376953125
156114351,C,A,0.2088623046875
156114351,C,G,0.1199951171875
156114351,C,T,0.1551513671875
156114352,C,A,0.1199951171875
156114352,C,G,0.2587890625
156114352,C,T,0.1318359375
156114353,T,A,0.1007080078125
156114353,T,C,0.1884765625
156114353,T,G,0.1131591796875
156114354,G,A,0.16650390625
156114354,G,C,0.23779296875
156114354,G,T,0.07745361328125
156114355,A,C,0.0227813720703125
156114355,A,G,0.12744140625
156114355,A,T,0.09161376953125
156114356,C,A,0.1531982421875
156114356,C,G,0.1732177734375
156114356,C,T,0.05865478515625
156114357,C,A,0.1732177734375
156114357,C,G,0.1732177734375
156114357,C,T,0.07122802734375
156114358,C,A,0.215087890625
156114358,C,G,0.17041015625
156114358,C,T,0.1015625
156114359,T,A,0.04315185546875
156114359,T,C,0.1090087890625
156114359,T,G,0.0882568359375
156114360,C,A,0.006679534912109375
156114360,C,G,0.072998046875
156114360,C,T,0.01401519775390625
156114361,T,A,0.05517578125
156114361,T,C,0.194580078125
156114361,T,G,0.057952880859375
156114362,C,A,0.11358642578125
156114362,C,G,0.08062744140625
156114362,C,T,0.057952880859375
156114363,C,A,0.103759765625
156114363,C,G,0.11553955078125
156114363,C,T,0.0533447265625
156114364,C,A,0.11553955078125
156114364,C,G,0.1195068359375
156114364,C,T,0.056884765625
156114365,T,A,0.062286376953125
156114365,T,C,0.048980712890625
156114365,T,G,0.01401519775390625
156114366,T,A,0.039581298828125
156114366,T,C,0.00412750244140625
156114366,T,G,0.08062744140625
156114367,G,A,0.03460693359375
156114367,G,C,0.0272216796875
156114367,G,T,0.10040283203125
156114368,C,A,0.046722412109375
156114368,C,G,0.04315185546875
156114368,C,T,0.061126708984375
156114369,T,A,0.057952880859375
156114369,T,C,0.035919189453125
156114369,T,G,0.039581298828125
156114370,T,A,0.03582763671875
156114370,T,C,0.036529541015625
156114370,T,G,0.0882568359375
156114371,T,A,0.0345458984375
156114371,T,C,0.01641845703125
156114371,T,G,0.095947265625
156114372,G,A,0.1080322265625
156114372,G,C,0.2430419921875
156114372,G,T,0.14404296875
156114373,C,A,0.057952880859375
156114373,C,G,0.0882568359375
156114373,C,T,0.070556640625
156114374,G,A,0.038055419921875
156114374,G,C,0.07470703125
156114374,G,T,0.08367919921875
156114375,C,A,0.0176544189453125
156114375,C,G,0.1080322265625
156114375,C,T,0.07745361328125
156114376,C,A,0.1080322265625
156114376,C,G,0.1259765625
156114376,C,T,0.152587890625
156114377,C,A,0.07672119140625
156114377,C,G,0.07745361328125
156114377,C,T,0.07122802734375
156114378,A,C,0.1358642578125
156114378,A,G,0.05230712890625
156114378,A,T,0.1732177734375
156114379,C,A,0.131591796875
156114379,C,G,0.035491943359375
156114379,C,T,0.1273193359375
156114380,T,A,0.0701904296875
156114380,T,C,0.04736328125
156114380,T,G,0.0066375732421875
156114381,T,A,0.09869384765625
156114381,T,C,0.051971435546875
156114381,T,G,0.048126220703125
156114382,C,A,0.209228515625
156114382,C,G,0.0
156114382,C,T,0.07470703125
156114383,C,A,0.006679534912109375
156114383,C,G,0.04315185546875
156114383,C,T,0.0701904296875
156114384,C,A,0.083984375
156114384,C,G,0.1551513671875
156114384,C,T,0.03948974609375
156114385,T,A,0.05517578125
156114385,T,C,0.0182647705078125
156114385,T,G,0.0218353271484375
156114386,C,A,0.049713134765625
156114386,C,G,0.0
156114386,C,T,0.08074951171875
156114387,T,A,0.0070343017578125
156114387,T,C,0.08978271484375
156114387,T,G,0.017913818359375
156114388,C,A,0.07666015625
156114388,C,G,0.0
156114388,C,T,0.0860595703125
156114389,T,A,0.0269927978515625
156114389,T,C,0.0318603515625
156114389,T,G,0.01018524169921875
156114390,T,A,0.00787353515625
156114390,T,C,0.0458984375
156114390,T,G,0.0
156114391,T,A,0.040771484375
156114391,T,C,0.054718017578125
156114391,T,G,0.0548095703125
156114392,C,A,0.048126220703125
156114392,C,G,0.048187255859375
156114392,C,T,0.017913818359375
156114393,T,A,0.020172119140625
156114393,T,C,0.02862548828125
156114393,T,G,0.049713134765625
156114394,C,A,0.0245513916015625
156114394,C,G,0.039581298828125
156114394,C,T,0.038055419921875
156114395,C,A,0.056884765625
156114395,C,G,0.04461669921875
156114395,C,T,0.020477294921875
156114396,C,A,0.072998046875
156114396,C,G,0.04461669921875
156114396,C,T,0.0120697021484375
156114397,C,A,0.0860595703125
156114397,C,G,0.0372314453125
156114397,C,T,0.0533447265625
156114398,G,A,0.041748046875
156114398,G,C,0.1778564453125
156114398,G,T,0.0533447265625
156114399,A,C,0.7705078125
156114399,A,G,0.05230712890625
156114399,A,T,0.093994140625
156114400,C,A,0.054779052734375
156114400,C,G,0.08074951171875
156114400,C,T,0.12548828125
156114401,C,A,0.056884765625
156114401,C,G,0.0472412109375
156114401,C,T,0.06805419921875
156114402,C,A,0.0413818359375
156114402,C,G,0.054779052734375
156114402,C,T,0.0050506591796875
156114403,T,A,0.03460693359375
156114403,T,C,0.05517578125
156114403,T,G,0.048095703125
156114404,T,A,0.05517578125
156114404,T,C,0.021392822265625
156114404,T,G,0.07666015625
156114405,T,A,0.061126708984375
156114405,T,C,0.048095703125
156114405,T,G,0.0256500244140625
156114406,T,A,0.08074951171875
156114406,T,C,0.02777099609375
156114406,T,G,0.16650390625
156114407,G,A,0.1317138671875
156114407,G,C,0.284423828125
156114407,G,T,0.09259033203125
156114408,C,A,0.2425537109375
156114408,C,G,0.08758544921875
156114408,C,T,0.191650390625
156114409,C,A,0.113037109375
156114409,C,G,0.0132293701171875
156114409,C,T,0.362060546875
156114410,C,A,0.275146484375
156114410,C,G,0.214599609375
156114410,C,T,0.174072265625
156114411,A,C,0.12347412109375
156114411,A,G,0.3525390625
156114411,A,T,0.1199951171875
156114412,C,A,0.280517578125
156114412,C,G,0.0295257568359375
156114412,C,T,0.1378173828125
156114413,C,A,0.2425537109375
156114413,C,G,0.179931640625
156114413,C,T,0.376708984375
156114414,C,A,0.131591796875
156114414,C,G,0.1378173828125
156114414,C,T,0.09869384765625
156114415,A,C,0.0882568359375
156114415,A,G,0.0209503173828125
156114415,A,T,0.01279449462890625
156114416,C,A,0.061126708984375
156114416,C,G,0.09130859375
156114416,C,T,0.0070343017578125
156114417,T,A,0.007080078125
156114417,T,C,0.270263671875
156114417,T,G,0.049835205078125
156114418,C,A,0.0269927978515625
156114418,C,G,0.020172119140625
156114418,C,T,0.07745361328125
156114419,T,A,0.134521484375
156114419,T,C,0.1893310546875
156114419,T,G,0.12371826171875
156114420,C,A,0.101806640625
156114420,C,G,0.08074951171875
156114420,C,T,0.005535125732421875
156114421,C,A,0.14404296875
156114421,C,G,0.049713134765625
156114421,C,T,0.144287109375
156114422,C,A,0.1363525390625
156114422,C,G,0.04461669921875
156114422,C,T,0.054779052734375
156114423,T,A,0.15185546875
156114423,T,C,0.1558837890625
156114423,T,G,0.06512451171875
156114424,C,A,0.083984375
156114424,C,G,0.04461669921875
156114424,C,T,0.0701904296875
156114425,C,A,0.25341796875
156114425,C,G,0.0215606689453125
156114425,C,T,0.11444091796875
156114426,T,A,0.1060791015625
156114426,T,C,0.0548095703125
156114426,T,G,0.0703125
156114427,T,A,0.685546875
156114427,T,C,0.03173828125
156114427,T,G,0.18017578125
156114428,G,A,0.2216796875
156114428,G,C,0.1484375
156114428,G,T,0.209228515625
156114429,G,A,0.1358642578125
156114429,G,C,0.0286865234375
156114429,G,T,0.341796875
156114430,C,A,0.054779052734375
156114430,C,G,0.11279296875
156114430,C,T,0.160888671875
156114431,T,A,0.18603515625
156114431,T,C,0.09588623046875
156114431,T,G,0.1458740234375
156114432,C,A,0.1435546875
156114432,C,G,0.107421875
156114432,C,T,0.07666015625
156114433,T,A,0.444580078125
156114433,T,C,0.732421875
156114433,T,G,0.1572265625
156114434,G,A,0.105712890625
156114434,G,C,0.105712890625
156114434,G,T,0.189453125
156114435,C,A,0.311279296875
156114435,C,G,0.2017822265625
156114435,C,T,0.09259033203125
156114436,C,A,0.08074951171875
156114436,C,G,0.2496337890625
156114436,C,T,0.061431884765625
156114437,C,A,0.08245849609375
156114437,C,G,0.315673828125
156114437,C,T,0.088134765625
156114438,T,A,0.0703125
156114438,T,C,0.1640625
156114438,T,G,0.1629638671875
156114439,C,A,0.02777099609375
156114439,C,G,0.0413818359375
156114439,C,T,0.057952880859375
156114440,T,A,0.25146484375
156114440,T,C,0.055328369140625
156114440,T,G,0.43115234375
156114441,A,C,0.2474365234375
156114441,A,G,0.1943359375
156114441,A,T,0.2320556640625
156114442,G,A,0.482177734375
156114442,G,C,0.25146484375
156114442,G,T,0.2425537109375
156114443,C,A,0.12548828125
156114443,C,G,0.2088623046875
156114443,C,T,0.06805419921875
156114444,C,A,0.05230712890625
156114444,C,G,0.074462890625
156114444,C,T,0.0792236328125
156114445,C,A,0.04718017578125
156114445,C,G,0.0745849609375
156114445,C,T,0.30126953125
156114446,A,C,0.054595947265625
156114446,A,G,0.16650390625
156114446,A,T,0.00412750244140625
156114447,G,A,0.151611328125
156114447,G,C,0.10601806640625
156114447,G,T,0.1517333984375
156114448,A,C,0.093994140625
156114448,A,G,0.1292724609375
156114448,A,T,0.19775390625
156114449,A,C,0.14404296875
156114449,A,G,0.330810546875
156114449,A,T,0.1395263671875
156114450,G,A,0.06805419921875
156114450,G,C,0.275146484375
156114450,G,T,0.0745849609375
156114451,G,A,0.247802734375
156114451,G,C,0.07470703125
156114451,G,T,0.1358642578125
156114452,T,A,0.10040283203125
156114452,T,C,0.1317138671875
156114452,T,G,0.12371826171875
156114453,C,A,0.99365234375
156114453,C,G,0.0966796875
156114453,C,T,0.06280517578125
156114454,T,A,0.300537109375
156114454,T,C,0.065673828125
156114454,T,G,0.08978271484375
156114455,G,A,0.083984375
156114455,G,C,0.06280517578125
156114455,G,T,0.1060791015625
156114456,A,C,0.1650390625
156114456,A,G,0.1744384765625
156114456,A,T,0.455810546875
156114457,G,A,0.1854248046875
156114457,G,C,0.5576171875
156114457,G,T,0.334716796875
156114458,G,A,0.179931640625
156114458,G,C,0.25537109375
156114458,G,T,0.2001953125
156114459,C,A,0.1317138671875
156114459,C,G,0.09576416015625
156114459,C,T,1.2392578125
156114460,A,C,0.050537109375
156114460,A,G,0.09588623046875
156114460,A,T,0.04327392578125
156114461,A,C,0.0836181640625
156114461,A,G,0.07745361328125
156114461,A,T,0.049713134765625
156114462,T,A,0.0184326171875
156114462,T,C,0.22021484375
156114462,T,G,0.09130859375
156114463,G,A,0.07470703125
156114463,G,C,0.217041015625
156114463,G,T,0.160888671875
156114464,G,A,0.1358642578125
156114464,G,C,0.240234375
156114464,G,T,0.189453125
156114465,G,A,0.262939453125
156114465,G,C,0.381591796875
156114465,G,T,0.160888671875
156114466,G,A,0.292236328125
156114466,G,C,0.1973876953125
156114466,G,T,0.152587890625
156114467,G,A,0.1973876953125
156114467,G,C,0.10400390625
156114467,G,T,0.09259033203125
156114468,C,A,0.12548828125
156114468,C,G,0.10040283203125
156114468,C,T,0.8681640625
156114469,A,C,0.0264892578125
156114469,A,G,0.07745361328125
156114469,A,T,0.107421875
156114470,A,C,0.035888671875
156114470,A,G,0.0625
156114470,A,T,0.08062744140625
156114471,G,A,0.103759765625
156114471,G,C,0.035247802734375
156114471,G,T,0.08062744140625
156114472,C,A,0.07745361328125
156114472,C,G,0.0860595703125
156114472,C,T,0.0548095703125
156114473,T,A,0.0286865234375
156114473,T,C,0.041748046875
156114473,T,G,0.05230712890625
156114474,T,A,0.107421875
156114474,T,C,0.06494140625
156114474,T,G,0.049713134765625
156114475,G,A,0.134765625
156114475,G,C,0.059112548828125
156114475,G,T,0.09130859375
156114476,G,A,0.04736328125
156114476,G,C,0.06451416015625
156114476,G,T,0.171630859375
156114477,A,C,0.12744140625
156114477,A,G,0.25244140625
156114477,A,T,0.11279296875
156114478,G,A,0.007080078125
156114478,G,C,0.111572265625
156114478,G,T,0.0089111328125
156114479,C,A,0.065673828125
156114479,C,G,0.0860595703125
156114479,C,T,0.0192108154296875
156114480,C,A,0.0548095703125
156114480,C,G,0.0285186767578125
156114480,C,T,0.1195068359375
156114481,G,A,0.1441650390625
156114481,G,C,0.24169921875
156114481,G,T,0.09869384765625
156114482,A,C,0.0439453125
156114482,A,G,0.0484619140625
156114482,A,T,0.00787353515625
156114483,C,A,0.1466064453125
156114483,C,G,0.05230712890625
156114483,C,T,0.11279296875
156114484,A,C,0.03460693359375
156114484,A,G,0.10675048828125
156114484,A,T,0.007080078125
156114485,G,A,0.005702972412109375
156114485,G,C,0.03338623046875
156114485,G,T,0.042236328125
156114486,T,A,0.01445770263671875
156114486,T,C,0.07470703125
156114486,T,G,0.151611328125
156114487,G,A,0.03741455078125
156114487,G,C,0.04351806640625
156114487,G,T,0.07550048828125
156114488,C,A,0.1434326171875
156114488,C,G,1.4990234375
156114488,C,T,0.0860595703125
156114489,T,A,0.045562744140625
156114489,T,C,0.01445770263671875
156114489,T,G,0.093994140625
156114490,G,A,0.107421875
156114490,G,C,0.027587890625
156114490,G,T,0.1629638671875
156114491,A,C,0.019317626953125
156114491,A,G,0.151611328125
156114491,A,T,0.03466796875
156114492,G,A,0.019775390625
156114492,G,C,0.07470703125
156114492,G,T,0.06805419921875
156114493,C,A,0.0836181640625
156114493,C,G,0.114013671875
156114493,C,T,0.0860595703125
156114494,A,C,0.123046875
156114494,A,G,0.03265380859375
156114494,A,T,0.0836181640625
156114495,G,A,0.123046875
156114495,G,C,0.11444091796875
156114495,G,T,0.0286865234375
156114496,G,A,0.1551513671875
156114496,G,C,0.10137939453125
156114496,G,T,0.01007843017578125
156114497,C,A,0.30419921875
156114497,C,G,0.093994140625
156114497,C,T,1.75
156114498,A,C,0.1561279296875
156114498,A,G,0.03948974609375
156114498,A,T,0.09588623046875
156114499,G,A,0.70947265625
156114499,G,C,0.04986572265625
156114499,G,T,0.111572265625
156114500,G,A,0.09698486328125
156114500,G,C,0.0792236328125
156114500,G,T,0.15185546875
156114501,A,C,0.01097869873046875
156114501,A,G,0.263427734375
156114501,A,T,1.0283203125
156114502,G,A,0.052490234375
156114502,G,C,0.0119476318359375
156114502,G,T,0.04736328125
156114503,C,A,0.1318359375
156114503,C,G,0.0413818359375
156114503,C,T,0.0484619140625
156114504,C,A,0.06414794921875
156114504,C,G,0.248291015625
156114504,C,T,0.11279296875
156114505,A,C,0.12115478515625
156114505,A,G,0.1199951171875
156114505,A,T,0.11279296875
156114506,A,C,0.088134765625
156114506,A,G,0.05816650390625
156114506,A,T,0.0206146240234375
156114507,G,A,0.1676025390625
156114507,G,C,0.0701904296875
156114507,G,T,0.1505126953125
156114508,A,C,0.056549072265625
156114508,A,G,0.1441650390625
156114508,A,T,1.6640625
156114509,G,A,0.11834716796875
156114509,G,C,0.0
156114509,G,T,0.1837158203125
156114510,A,C,0.065673828125
156114510,A,G,0.19580078125
156114510,A,T,0.1363525390625
156114511,G,A,0.0792236328125
156114511,G,C,0.209228515625
156114511,G,T,0.051971435546875
156114512,G,A,0.2325439453125
156114512,G,C,0.25537109375
156114512,G,T,0.131591796875
156114513,G,A,0.29931640625
156114513,G,C,0.1484375
156114513,G,T,1.365234375
156114514,G,A,0.060943603515625
156114514,G,C,0.1060791015625
156114514,G,T,3.345703125
156114515,A,C,0.187744140625
156114515,A,G,0.1258544921875
156114515,A,T,0.413818359375
156114516,A,C,0.07354736328125
156114516,A,G,0.1796875
156114516,A,T,0.285400390625
156114517,G,A,0.049835205078125
156114517,G,C,0.08642578125
156114517,G,T,0.0882568359375
156114518,C,A,0.1435546875
156114518,C,G,0.1676025390625
156114518,C,T,0.1060791015625
156114519,T,A,0.03302001953125
156114519,T,C,0.0458984375
156114519,T,G,0.054779052734375
156114520,T,A,0.0694580078125
156114520,T,C,0.0792236328125
156114520,T,G,0.23779296875
156114521,G,A,0.0548095703125
156114521,G,C,0.1778564453125
156114521,G,T,0.15185546875
156114522,A,C,0.01421356201171875
156114522,A,G,0.0494384765625
156114522,A,T,0.01279449462890625
156114523,G,A,0.006374359130859375
156114523,G,C,0.359619140625
156114523,G,T,0.0836181640625
156114524,C,A,0.055145263671875
156114524,C,G,0.062286376953125
156114524,C,T,0.048126220703125
156114525,C,A,0.12744140625
156114525,C,G,0.08697509765625
156114525,C,T,0.1259765625
156114526,T,A,0.041748046875
156114526,T,C,0.349853515625
156114526,T,G,0.08758544921875
156114527,C,A,0.08074951171875
156114527,C,G,0.1455078125
156114527,C,T,0.1363525390625
156114528,A,C,0.2164306640625
156114528,A,G,0.056549072265625
156114528,A,T,0.12115478515625
156114529,C,A,0.07666015625
156114529,C,G,0.12115478515625
156114529,C,T,0.1597900390625
156114530,G,A,0.09869384765625
156114530,G,C,0.335693359375
156114530,G,T,0.1441650390625
156114531,C,A,0.12115478515625
156114531,C,G,0.07257080078125
156114531,C,T,0.24169921875
156114532,A,C,0.057861328125
156114532,A,G,0.195068359375
156114532,A,T,0.057861328125
156114533,G,A,0.177001953125
156114533,G,C,0.2056884765625
156114533,G,T,0.2491455078125
156114534,T,A,0.2000732421875
156114534,T,C,0.20556640625
156114534,T,G,2.646484375
156114535,T,A,1.208984375
156114535,T,C,0.18896484375
156114535,T,G,0.2347412109375
156114536,A,C,0.295654296875
156114536,A,G,0.24609375
156114536,A,T,0.257568359375
156114537,G,A,0.60205078125
156114537,G,C,0.80712890625
156114537,G,T,0.385009765625
156114538,G,A,1.9736328125
156114538,G,C,0.489013671875
156114538,G,T,0.205322265625
156114539,G,A,0.424072265625
156114539,G,C,0.640625
156114539,G,T,1.6884765625
156114540,G,A,1.177734375
156114540,G,C,0.81396484375
156114540,G,T,1.6572265625
156114541,T,A,1.5283203125
156114541,T,C,1.662109375
156114541,T,G,1.759765625
156114542,G,A,1.064453125
156114542,G,C,0.65380859375
156114542,G,T,0.42919921875
156114543,C,A,1.20703125
156114543,C,G,0.61572265625
156114543,C,T,0.50390625
156114544,G,A,0.7626953125
156114544,G,C,0.9521484375
156114544,G,T,0.82177734375
156114545,C,A,0.08062744140625
156114545,C,G,0.171630859375
156114545,C,T,0.96240234375
156114546,T,A,0.2271728515625
156114546,T,C,0.0701904296875
156114546,T,G,0.016693115234375
156114547,G,A,0.0548095703125
156114547,G,C,0.0218353271484375
156114547,G,T,0.037322998046875
156114548,G,A,0.04736328125
156114548,G,C,0.0477294921875
156114548,G,T,0.09869384765625
156114549,A,C,0.0308685302734375
156114549,A,G,0.160888671875
156114549,A,T,1.65234375
156114550,G,A,0.07244873046875
156114550,G,C,0.0621337890625
156114550,G,T,0.1259765625
156114551,A,C,0.01593017578125
156114551,A,G,0.036865234375
156114551,A,T,0.04290771484375
156114552,G,A,1.3193359375
156114552,G,C,0.19580078125
156114552,G,T,0.08642578125
156114553,G,A,0.1573486328125
156114553,G,C,0.0921630859375
156114553,G,T,0.1573486328125
156114554,G,A,0.1328125
156114554,G,C,0.1573486328125
156114554,G,T,0.1622314453125
156114555,T,A,0.10699462890625
156114555,T,C,0.131591796875
156114555,T,G,0.10760498046875
156114556,G,A,1.078125
156114556,G,C,0.1427001953125
156114556,G,T,0.05743408203125
156114557,G,A,1.5595703125
156114557,G,C,0.1597900390625
156114557,G,T,0.07196044921875
156114558,G,A,0.1187744140625
156114558,G,C,0.15185546875
156114558,G,T,0.062286376953125
156114559,G,A,0.06060791015625
156114559,G,C,0.10247802734375
156114559,G,T,0.76171875
156114560,C,A,0.10205078125
156114560,C,G,0.1524658203125
156114560,C,T,0.1182861328125
156114561,C,A,0.0269927978515625
156114561,C,G,0.06512451171875
156114561,C,T,0.07122802734375
156114562,C,A,0.09423828125
156114562,C,G,0.06494140625
156114562,C,T,0.10699462890625
156114563,G,A,0.05810546875
156114563,G,C,0.0703125
156114563,G,T,0.08978271484375
156114564,A,C,0.07244873046875
156114564,A,G,0.0477294921875
156114564,A,T,0.0257568359375
156114565,C,A,0.05865478515625
156114565,C,G,0.010589599609375
156114565,C,T,0.09588623046875
156114566,T,A,0.0413818359375
156114566,T,C,0.1007080078125
156114566,T,G,0.023956298828125
156114567,C,A,0.0701904296875
156114567,C,G,0.035919189453125
156114567,C,T,0.051971435546875
156114568,C,A,0.08905029296875
156114568,C,G,0.088134765625
156114568,C,T,0.06494140625
156114569,G,A,0.06640625
156114569,G,C,0.1427001953125
156114569,G,T,0.11773681640625
156114570,C,A,0.03466796875
156114570,C,G,0.07257080078125
156114570,C,T,0.08746337890625
156114571,C,A,0.1427001953125
156114571,C,G,0.121337890625
156114571,C,T,0.135498046875
156114572,A,C,0.1318359375
156114572,A,G,0.1427001953125
156114572,A,T,0.036865234375
156114573,C,A,0.09722900390625
156114573,C,G,0.1475830078125
156114573,C,T,0.1378173828125
156114574,A,C,0.1378173828125
156114574,A,G,0.11328125
156114574,A,T,0.0194091796875
156114575,C,A,0.0
156114575,C,G,0.040008544921875
156114575,C,T,0.01580810546875
156114576,C,A,0.032440185546875
156114576,C,G,0.00925445556640625
156114576,C,T,0.05218505859375
156114577,C,A,0.0548095703125
156114577,C,G,0.09063720703125
156114577,C,T,0.16845703125
156114578,C,A,0.057861328125
156114578,C,G,0.09722900390625
156114578,C,T,0.0860595703125
156114579,A,C,0.07470703125
156114579,A,G,0.07470703125
156114579,A,T,0.123046875
156114580,A,C,0.10693359375
156114580,A,G,0.10211181640625
156114580,A,T,0.0701904296875
156114581,C,A,0.0277252197265625
156114581,C,G,0.135498046875
156114581,C,T,0.040008544921875
156114582,G,A,0.0202789306640625
156114582,G,C,0.061798095703125
156114582,G,T,0.0202789306640625
156114583,G,A,0.03680419921875
156114583,G,C,0.05712890625
156114583,G,T,0.0269927978515625
156114584,T,A,0.093994140625
156114584,T,C,0.1678466796875
156114584,T,G,0.130859375
156114585,C,A,0.9248046875
156114585,C,G,0.09722900390625
156114585,C,T,0.04443359375
156114586,C,A,0.08746337890625
156114586,C,G,0.0797119140625
156114586,C,T,0.0965576171875
156114587,T,A,0.0538330078125
156114587,T,C,0.1165771484375
156114587,T,G,0.763671875
156114588,T,A,0.075439453125
156114588,T,C,0.08251953125
156114588,T,G,0.051971435546875
156114589,C,A,0.0958251953125
156114589,C,G,0.10174560546875
156114589,C,T,0.049713134765625
156114590,C,A,0.1258544921875
156114590,C,G,0.11981201171875
156114590,C,T,0.165771484375
156114591,C,A,0.1822509765625
156114591,C,G,0.330322265625
156114591,C,T,0.203369140625
156114592,C,A,0.1319580078125
156114592,C,G,0.2076416015625
156114592,C,T,0.1865234375
156114593,C,A,0.12744140625
156114593,C,G,0.1256103515625
156114593,C,T,0.1917724609375
156114594,T,A,0.0070343017578125
156114594,T,C,0.163330078125
156114594,T,G,0.048095703125
156114595,C,A,0.0946044921875
156114595,C,G,0.1595458984375
156114595,C,T,0.1441650390625
156114596,C,A,0.2081298828125
156114596,C,G,0.1676025390625
156114596,C,T,0.1597900390625
156114597,T,A,0.033843994140625
156114597,T,C,0.2122802734375
156114597,T,G,0.0477294921875
156114598,C,A,0.101806640625
156114598,C,G,0.033843994140625
156114598,C,T,0.02862548828125
156114599,A,C,0.163330078125
156114599,A,G,0.020172119140625
156114599,A,T,0.0269927978515625
156114600,C,A,0.045440673828125
156114600,C,G,1.5234375
156114600,C,T,0.10174560546875
156114601,C,A,0.1287841796875
156114601,C,G,0.06158447265625
156114601,C,T,0.020477294921875
156114602,A,C,0.1448974609375
156114602,A,G,0.04473876953125
156114602,A,T,0.0736083984375
156114603,C,A,0.06451416015625
156114603,C,G,0.1756591796875
156114603,C,T,0.042755126953125
156114604,T,A,0.0748291015625
156114604,T,C,0.15869140625
156114604,T,G,0.105224609375
156114605,C,A,0.153564453125
156114605,C,G,0.1099853515625
156114605,C,T,0.278564453125
156114606,C,A,0.1495361328125
156114606,C,G,0.1414794921875
156114606,C,T,0.1495361328125
156114607,C,A,1.2490234375
156114607,C,G,0.1990966796875
156114607,C,T,0.1414794921875
156114608,G,A,0.0477294921875
156114608,G,C,0.057342529296875
156114608,G,T,0.033843994140625
156114609,C,A,0.1617431640625
156114609,C,G,0.229248046875
156114609,C,T,0.2161865234375
156114610,C,A,0.26025390625
156114610,C,G,0.2119140625
156114610,C,T,0.26025390625
156114611,C,A,0.3349609375
156114611,C,G,0.374755859375
156114611,C,T,0.36474609375
156114612,C,A,0.269287109375
156114612,C,G,0.33984375
156114612,C,T,0.31103515625
156114613,C,A,0.1949462890625
156114613,C,G,0.1295166015625
156114613,C,T,0.133544921875
156114614,A,C,0.0966796875
156114614,A,G,0.1595458984375
156114614,A,T,0.0238037109375
156114615,C,A,0.08355712890625
156114615,C,G,0.153564453125
156114615,C,T,0.1949462890625
156114616,C,A,0.278564453125
156114616,C,G,0.296875
156114616,C,T,0.278564453125
156114617,C,A,0.3017578125
156114617,C,G,0.320556640625
156114617,C,T,0.26025390625
156114618,C,A,0.1319580078125
156114618,C,G,0.1575927734375
156114618,C,T,0.0899658203125
156114619,C,A,0.03533935546875
156114619,C,G,0.07196044921875
156114619,C,T,0.04937744140625
156114620,A,C,0.0836181640625
156114620,A,G,0.06317138671875
156114620,A,T,0.047454833984375
156114621,A,C,0.0272216796875
156114621,A,G,1.4462890625
156114621,A,T,0.039031982421875
156114622,T,A,0.06451416015625
156114622,T,C,0.042236328125
156114622,T,G,0.1177978515625
156114623,G,A,1.73046875
156114623,G,C,0.08001708984375
156114623,G,T,0.09906005859375
156114624,G,A,0.0540771484375
156114624,G,C,0.08642578125
156114624,G,T,0.1177978515625
156114625,A,C,0.06927490234375
156114625,A,G,0.05224609375
156114625,A,T,0.02740478515625
156114626,T,A,0.07244873046875
156114626,T,C,0.047454833984375
156114626,T,G,0.06451416015625
156114627,C,A,0.0312347412109375
156114627,C,G,0.04315185546875
156114627,C,T,0.03680419921875
156114628,T,A,0.0240936279296875
156114628,T,C,0.040374755859375
156114628,T,G,0.048095703125
156114629,G,A,1.3505859375
156114629,G,C,0.1099853515625
156114629,G,T,0.111572265625
156114630,G,A,0.1422119140625
156114630,G,C,0.1177978515625
156114630,G,T,0.206298828125
156114631,G,A,0.1177978515625
156114631,G,C,0.1177978515625
156114631,G,T,0.1495361328125
156114632,A,C,0.027069091796875
156114632,A,G,0.09588623046875
156114632,A,T,0.0946044921875
156114633,C,A,0.23779296875
156114633,C,G,0.16650390625
156114633,C,T,0.2164306640625
156114634,T,A,0.2286376953125
156114634,T,C,0.33837890625
156114634,T,G,0.0472412109375
156114635,G,A,0.0965576171875
156114635,G,C,0.17919921875
156114635,G,T,0.1053466796875
156114636,C,A,0.380615234375
156114636,C,G,0.1295166015625
156114636,C,T,0.1177978515625
156114637,C,A,0.2205810546875
156114637,C,G,0.2161865234375
156114637,C,T,0.2119140625
156114638,C,A,0.2286376953125
156114638,C,G,0.1600341796875
156114638,C,T,0.2119140625
156114639,C,A,0.405517578125
156114639,C,G,0.476806640625
156114639,C,T,0.48974609375
156114640,T,A,0.45068359375
156114640,T,C,0.255859375
156114640,T,G,0.34326171875
156114641,T,A,0.396240234375
156114641,T,C,0.5634765625
156114641,T,G,0.405517578125
156114642,T,A,0.353271484375
156114642,T,C,0.36767578125
156114642,T,G,0.46435546875
156114643,A,C,0.76953125
156114643,A,G,0.47265625
156114643,A,T,0.638671875
156114644,A,C,0.38671875
156114644,A,G,1.0458984375
156114644,A,T,0.391357421875
156114645,G,A,0.348388671875
156114645,G,C,0.84130859375
156114645,G,T,0.75390625
156114646,A,C,0.1053466796875
156114646,A,G,0.33984375
156114646,A,T,0.12396240234375
156114647,G,A,0.2286376953125
156114647,G,C,0.189208984375
156114647,G,T,0.277099609375
156114648,T,A,0.0794677734375
156114648,T,C,0.1495361328125
156114648,T,G,0.416015625
156114649,A,C,0.1099853515625
156114649,A,G,0.049041748046875
156114649,A,T,0.343505859375
156114650,G,A,0.650390625
156114650,G,C,0.189208984375
156114650,G,T,0.45068359375
156114651,T,A,0.469970703125
156114651,T,C,0.128662109375
156114651,T,G,0.431884765625
156114652,G,A,0.1177978515625
156114652,G,C,0.29296875
156114652,G,T,0.46826171875
156114653,G,A,0.47265625
156114653,G,C,0.693359375
156114653,G,T,0.84130859375
156114654,C,A,0.242431640625
156114654,C,G,0.3349609375
156114654,C,T,0.447509765625
156114655,C,A,0.246826171875
156114655,C,G,0.400146484375
156114655,C,T,0.1756591796875
156114656,C,A,0.3017578125
156114656,C,G,0.306396484375
156114656,C,T,0.47265625
156114657,C,A,0.1834716796875
156114657,C,G,0.2161865234375
156114657,C,T,0.45947265625
156114658,T,A,0.453369140625
156114658,T,C,0.255859375
156114658,T,G,0.78759765625
156114659,C,A,0.21044921875
156114659,C,G,0.173095703125
156114659,C,T,0.72705078125
156114660,C,A,0.236083984375
156114660,C,G,0.1490478515625
156114660,C,T,0.76025390625
156114661,T,A,0.46435546875
156114661,T,C,0.1722412109375
156114661,T,G,0.68603515625
156114662,C,A,0.242431640625
156114662,C,G,0.359619140625
156114662,C,T,0.217529296875
156114663,C,A,0.278564453125
156114663,C,G,0.59423828125
156114663,C,T,0.32861328125
156114664,C,A,0.1300048828125
156114664,C,G,0.296875
156114664,C,T,0.62841796875
156114665,T,A,0.169921875
156114665,T,C,0.1318359375
156114665,T,G,0.431884765625
156114666,T,A,0.62109375
156114666,T,C,0.05841064453125
156114666,T,G,0.28759765625
156114667,C,A,0.8427734375
156114667,C,G,1.74609375
156114667,C,T,0.112060546875
156114668,A,C,1.8232421875
156114668,A,G,1.8671875
156114668,A,T,1.9736328125
156114669,G,A,2.359375
156114669,G,C,3.85546875
156114669,G,T,3.36328125
156114670,A,C,0.0836181640625
156114670,A,G,0.1295166015625
156114670,A,T,0.111572265625
156114671,G,A,0.3134765625
156114671,G,C,0.54345703125
156114671,G,T,0.85302734375
156114672,G,A,0.308349609375
156114672,G,C,1.5830078125
156114672,G,T,1.427734375
156114673,A,C,0.1300048828125
156114673,A,G,0.17822265625
156114673,A,T,0.40087890625
156114674,G,A,0.36767578125
156114674,G,C,0.428466796875
156114674,G,T,0.396240234375
156114675,G,A,0.135986328125
156114675,G,C,0.29443359375
156114675,G,T,0.058074951171875
156114676,A,C,0.09686279296875
156114676,A,G,0.515625
156114676,A,T,0.389892578125
156114677,C,A,0.400146484375
156114677,C,G,0.55712890625
156114677,C,T,0.242431640625
156114678,C,A,0.041900634765625
156114678,C,G,0.0
156114678,C,T,0.28759765625
156114679,T,A,0.0740966796875
156114679,T,C,0.165771484375
156114679,T,G,0.102294921875
156114680,A,C,0.03125
156114680,A,G,0.1414794921875
156114680,A,T,0.041900634765625
156114681,T,A,0.7001953125
156114681,T,C,0.26025390625
156114681,T,G,0.296875
156114682,T,A,0.382568359375
156114682,T,C,0.2783203125
156114682,T,G,0.19482421875
156114683,A,C,0.28759765625
156114683,A,G,0.453369140625
156114683,A,T,0.00732421875
156114684,G,A,0.2451171875
156114684,G,C,0.08258056640625
156114684,G,T,0.282470703125
156114685,A,C,0.01404571533203125
156114685,A,G,0.31103515625
156114685,A,T,0.1448974609375
156114686,G,A,0.323486328125
156114686,G,C,0.308349609375
156114686,G,T,0.135498046875
156114687,C,A,0.052459716796875
156114687,C,G,0.1781005859375
156114687,C,T,0.1239013671875
156114688,C,A,0.07501220703125
156114688,C,G,0.1177978515625
156114688,C,T,0.2076416015625
156114689,T,A,0.1177978515625
156114689,T,C,0.19482421875
156114689,T,G,0.251220703125
156114690,T,A,0.1990966796875
156114690,T,C,0.27392578125
156114690,T,G,0.379638671875
156114691,T,A,0.31591796875
156114691,T,C,0.31103515625
156114691,T,G,0.5693359375
156114692,G,A,0.171875
156114692,G,C,0.296875
156114692,G,T,0.234130859375
156114693,C,A,0.358154296875
156114693,C,G,0.36962890625
156114693,C,T,0.1846923828125
156114694,C,A,0.30322265625
156114694,C,G,0.415771484375
156114694,C,T,0.07720947265625
156114695,C,A,0.26025390625
156114695,C,G,0.224853515625
156114695,C,T,0.0870361328125
156114696,C,A,0.384765625
156114696,C,G,0.2161865234375
156114696,C,T,0.06414794921875
156114697,G,A,0.26025390625
156114697,G,C,0.36279296875
156114697,G,T,0.37255859375
156114698,G,A,0.1300048828125
156114698,G,C,0.1949462890625
156114698,G,T,0.37255859375
156114699,C,A,0.442626953125
156114699,C,G,0.36962890625
156114699,C,T,0.493896484375
156114700,G,A,0.09906005859375
156114700,G,C,0.224853515625
156114700,G,T,0.298095703125
156114701,T,A,0.1495361328125
156114701,T,C,0.1414794921875
156114701,T,G,0.1865234375
156114702,C,A,2.587890625
156114702,C,G,0.28759765625
156114702,C,T,0.1949462890625
156114703,G,A,0.437255859375
156114703,G,C,0.217529296875
156114703,G,T,0.423828125
156114704,G,A,0.08831787109375
156114704,G,C,0.0972900390625
156114704,G,T,0.5751953125
156114705,T,A,0.48681640625
156114705,T,C,0.044769287109375
156114705,T,G,0.27392578125
156114706,G,A,0.33984375
156114706,G,C,0.671875
156114706,G,T,0.720703125
156114707,A,C,0.12548828125
156114707,A,G,0.2010498046875
156114707,A,T,0.53564453125
156114708,C,A,0.2396240234375
156114708,C,G,0.46435546875
156114708,C,T,0.308349609375
156114709,T,A,0.391357421875
156114709,T,C,0.0472412109375
156114709,T,G,0.2099609375
156114710,C,A,0.70703125
156114710,C,G,1.47265625
156114710,C,T,0.197021484375
156114711,A,C,2.044921875
156114711,A,G,1.615234375
156114711,A,T,2.240234375
