#"chrom","chromStart","chromEnd","name","score","strand","thickStart","thickEnd","reserved","cCRE_class","DNase_maxZ","H3K4me3_maxZ","H3K27ac_maxZ","CTCF_maxZ"
"chr1","156042991","156043145","EH38E3980401","0",".","156042991","156043145","0,176,240","CA-CTCF","2.34","1.36","1.61","1.79"
"chr1","156044727","156045072","EH38E3980402","0",".","156044727","156045072","255,205,0","Distal enhancer","1.68","1.59","2.54","1.53"
"chr1","156045115","156045465","EH38E2840380","0",".","156045115","156045465","255,205,0","Distal enhancer","4.16","1.67","2.68","1.68"
"chr1","156045573","156045819","EH38E1387554","0",".","156045573","156045819","255,205,0","Distal enhancer","2.11","1.63","2.50","1.46"
"chr1","156047706","156047914","EH38E2840381","0",".","156047706","156047914","255,205,0","Distal enhancer","1.75","1.13","1.98","2.38"
"chr1","156048724","156048956","EH38E3980403","0",".","156048724","156048956","6,218,147","CA","2.52","1.61","1.55","1.64"
"chr1","156048970","156049132","EH38E3980404","0",".","156048970","156049132","6,218,147","CA","2.45","1.59","1.47","1.62"
"chr1","156049977","156050317","EH38E2840382","0",".","156049977","156050317","255,205,0","Distal enhancer","1.69","1.89","2.39","1.23"
"chr1","156050440","156050787","EH38E1387556","0",".","156050440","156050787","255,205,0","Distal enhancer","3.75","2.08","2.72","2.18"
"chr1","156051068","156051387","EH38E2840383","0",".","156051068","156051387","255,205,0","Distal enhancer","1.83","2.28","2.60","1.38"
"chr1","156051462","156051703","EH38E1387557","0",".","156051462","156051703","255,205,0","Distal enhancer","3.46","2.41","2.75","2.62"
"chr1","156052137","156052342","EH38E2840384","0",".","156052137","156052342","255,167,0","Proximal enhancer","1.68","2.63","2.54","1.80"
"chr1","156052538","156052701","EH38E2840385","0",".","156052538","156052701","255,167,0","Proximal enhancer","1.74","4.28","2.60","1.64"
"chr1","156052913","156053154","EH38E2840386","0",".","156052913","156053154","255,167,0","Proximal enhancer","4.36","5.59","3.88","3.84"
"chr1","156053241","156053588","EH38E3980405","0",".","156053241","156053588","255,167,0","Proximal enhancer","4.67","5.63","4.73","4.50"
"chr1","156053666","156054016","EH38E2840388","0",".","156053666","156054016","255,0,0","Promoter","5.48","6.00","5.82","6.40"
"chr1","156054039","156054197","EH38E2840389","0",".","156054039","156054197","255,167,0","Proximal enhancer","5.13","5.94","6.00","6.39"
"chr1","156054247","156054467","EH38E2840390","0",".","156054247","156054467","255,167,0","Proximal enhancer","4.69","6.13","5.90","3.70"
"chr1","156054553","156054903","EH38E2840391","0",".","156054553","156054903","255,0,0","Promoter","6.29","6.27","5.59","3.43"
"chr1","156055029","156055238","EH38E2840392","0",".","156055029","156055238","255,167,0","Proximal enhancer","3.79","6.34","4.38","2.38"
"chr1","156055241","156055408","EH38E2840393","0",".","156055241","156055408","255,167,0","Proximal enhancer","3.33","6.36","4.27","1.89"
"chr1","156055657","156055876","EH38E1387565","0",".","156055657","156055876","255,167,0","Proximal enhancer","3.23","4.83","3.58","1.60"
"chr1","156056534","156056729","EH38E2840394","0",".","156056534","156056729","255,167,0","Proximal enhancer","1.92","3.31","1.87","1.86"
"chr1","156059517","156059713","EH38E2840395","0",".","156059517","156059713","255,167,0","Proximal enhancer","1.82","2.31","2.22","1.41"
"chr1","156060252","156060467","EH38E3980406","0",".","156060252","156060467","255,167,0","Proximal enhancer","1.81","4.11","3.15","1.36"
"chr1","156060918","156061266","EH38E2840396","0",".","156060918","156061266","255,0,0","Promoter","4.86","5.29","4.64","2.53"
"chr1","156061468","156061751","EH38E2840397","0",".","156061468","156061751","255,167,0","Proximal enhancer","3.85","5.31","4.49","1.46"
"chr1","156061992","156062195","EH38E2840398","0",".","156061992","156062195","255,167,0","Proximal enhancer","2.22","4.89","4.05","1.64"
"chr1","156062262","156062607","EH38E2840399","0",".","156062262","156062607","255,167,0","Proximal enhancer","2.78","4.10","3.76","1.38"
"chr1","156063478","156063689","EH38E2840400","0",".","156063478","156063689","255,205,0","Distal enhancer","3.31","2.77","2.72","2.23"
"chr1","156063706","156063929","EH38E1387570","0",".","156063706","156063929","255,205,0","Distal enhancer","3.87","2.57","2.65","1.84"
"chr1","156063937","156064202","EH38E1387571","0",".","156063937","156064202","255,205,0","Distal enhancer","3.63","2.38","2.46","1.59"
"chr1","156064756","156064928","EH38E2840401","0",".","156064756","156064928","255,205,0","Distal enhancer","2.09","1.62","1.72","1.60"
"chr1","156065284","156065619","EH38E2840402","0",".","156065284","156065619","255,205,0","Distal enhancer","2.69","1.67","2.61","1.64"
"chr1","156065936","156066268","EH38E2840403","0",".","156065936","156066268","255,205,0","Distal enhancer","1.90","1.71","2.36","3.35"
"chr1","156066369","156066639","EH38E2840404","0",".","156066369","156066639","255,205,0","Distal enhancer","4.27","1.65","1.70","6.83"
"chr1","156066754","156067050","EH38E3980407","0",".","156066754","156067050","216,118,236","TF","1.36","1.61","1.67","3.79"
"chr1","156067278","156067585","EH38E3980408","0",".","156067278","156067585","6,218,147","CA","2.02","1.44","1.55","1.58"
"chr1","156069545","156069818","EH38E2840405","0",".","156069545","156069818","255,205,0","Distal enhancer","2.62","1.61","2.19","1.28"
"chr1","156069886","156070042","EH38E2840406","0",".","156069886","156070042","255,205,0","Distal enhancer","3.34","2.02","2.64","1.48"
"chr1","156070065","156070391","EH38E2840407","0",".","156070065","156070391","255,205,0","Distal enhancer","3.11","2.10","3.00","1.46"
"chr1","156070583","156070920","EH38E2840408","0",".","156070583","156070920","255,205,0","Distal enhancer","3.76","2.03","3.02","1.97"
"chr1","156071275","156071428","EH38E3980409","0",".","156071275","156071428","255,205,0","Distal enhancer","1.66","1.67","2.61","1.31"
"chr1","156071726","156071914","EH38E2840409","0",".","156071726","156071914","255,205,0","Distal enhancer","2.12","1.43","3.56","1.77"
"chr1","156072437","156072635","EH38E2840410","0",".","156072437","156072635","255,205,0","Distal enhancer","1.94","1.85","3.69","1.60"
"chr1","156072687","156072952","EH38E2840411","0",".","156072687","156072952","255,205,0","Distal enhancer","1.77","1.92","3.49","1.52"
"chr1","156073053","156073303","EH38E2840412","0",".","156073053","156073303","255,205,0","Distal enhancer","1.72","2.26","3.12","1.49"
"chr1","156073344","156073579","EH38E2840413","0",".","156073344","156073579","255,205,0","Distal enhancer","1.93","2.61","3.08","1.91"
"chr1","156073811","156074065","EH38E1387578","0",".","156073811","156074065","255,205,0","Distal enhancer","4.00","2.61","3.17","1.98"
"chr1","156074686","156074998","EH38E2840414","0",".","156074686","156074998","255,205,0","Distal enhancer","2.84","2.88","4.32","1.50"
"chr1","156075183","156075465","EH38E2840415","0",".","156075183","156075465","255,205,0","Distal enhancer","2.80","3.17","4.71","3.19"
"chr1","156075522","156075761","EH38E2840416","0",".","156075522","156075761","255,205,0","Distal enhancer","1.95","3.59","4.44","1.94"
"chr1","156075947","156076295","EH38E2840417","0",".","156075947","156076295","255,205,0","Distal enhancer","2.36","4.20","4.53","1.49"
"chr1","156076529","156076693","EH38E2840418","0",".","156076529","156076693","255,205,0","Distal enhancer","2.90","4.52","4.40","2.56"
"chr1","156076777","156077111","EH38E1387583","0",".","156076777","156077111","255,205,0","Distal enhancer","4.23","4.46","4.43","2.41"
"chr1","156077124","156077290","EH38E1387584","0",".","156077124","156077290","255,205,0","Distal enhancer","2.94","4.35","4.17","2.16"
"chr1","156077580","156077781","EH38E1387585","0",".","156077580","156077781","255,205,0","Distal enhancer","2.50","3.19","3.59","1.54"
"chr1","156078180","156078405","EH38E2840419","0",".","156078180","156078405","255,205,0","Distal enhancer","2.24","3.94","3.01","1.87"
"chr1","156078454","156078655","EH38E2840420","0",".","156078454","156078655","255,205,0","Distal enhancer","2.14","4.21","2.93","1.90"
"chr1","156078670","156078872","EH38E2840421","0",".","156078670","156078872","255,205,0","Distal enhancer","2.40","4.23","2.68","1.34"
"chr1","156078875","156079224","EH38E2840422","0",".","156078875","156079224","255,205,0","Distal enhancer","1.92","4.24","2.47","1.85"
"chr1","156079722","156079923","EH38E2840423","0",".","156079722","156079923","255,205,0","Distal enhancer","2.07","4.77","3.22","1.41"
"chr1","156079989","156080152","EH38E2840424","0",".","156079989","156080152","255,205,0","Distal enhancer","1.98","5.11","4.05","1.65"
"chr1","156080297","156080617","EH38E2840425","0",".","156080297","156080617","255,205,0","Distal enhancer","2.89","5.64","4.75","1.51"
"chr1","156080709","156080910","EH38E2840426","0",".","156080709","156080910","255,167,0","Proximal enhancer","2.95","5.98","5.15","1.36"
"chr1","156080926","156081182","EH38E1387589","0",".","156080926","156081182","255,167,0","Proximal enhancer","2.81","6.04","5.28","1.60"
"chr1","156081201","156081402","EH38E2840427","0",".","156081201","156081402","255,167,0","Proximal enhancer","2.89","6.02","5.17","1.53"
"chr1","156081572","156081920","EH38E2840428","0",".","156081572","156081920","255,167,0","Proximal enhancer","2.88","6.26","5.51","1.41"
"chr1","156082030","156082321","EH38E2840429","0",".","156082030","156082321","255,167,0","Proximal enhancer","4.11","6.13","5.67","1.64"
"chr1","156082365","156082714","EH38E3980410","0",".","156082365","156082714","255,0,0","Promoter","5.80","6.31","5.85","3.18"
"chr1","156082772","156082984","EH38E1387595","0",".","156082772","156082984","255,167,0","Proximal enhancer","5.23","6.45","6.05","2.50"
"chr1","156083144","156083301","EH38E1387596","0",".","156083144","156083301","255,167,0","Proximal enhancer","3.74","6.04","5.75","1.99"
"chr1","156083398","156083594","EH38E2840430","0",".","156083398","156083594","255,167,0","Proximal enhancer","2.97","5.77","5.23","1.94"
"chr1","156083833","156084034","EH38E2840431","0",".","156083833","156084034","255,167,0","Proximal enhancer","1.75","5.01","3.60","1.82"
"chr1","156084065","156084406","EH38E2840432","0",".","156084065","156084406","255,167,0","Proximal enhancer","3.24","4.80","2.86","1.52"
"chr1","156084488","156084689","EH38E2840433","0",".","156084488","156084689","255,205,0","Distal enhancer","1.92","4.39","3.02","1.66"
"chr1","156084763","156084979","EH38E2840434","0",".","156084763","156084979","255,205,0","Distal enhancer","2.48","4.30","3.25","1.75"
"chr1","156086300","156086645","EH38E2840435","0",".","156086300","156086645","255,205,0","Distal enhancer","5.55","2.46","4.20","4.16"
"chr1","156086821","156087020","EH38E2840436","0",".","156086821","156087020","255,205,0","Distal enhancer","2.38","2.55","4.03","1.50"
"chr1","156087528","156087684","EH38E1387602","0",".","156087528","156087684","255,205,0","Distal enhancer","2.41","1.97","3.34","1.55"
"chr1","156089729","156090073","EH38E2840437","0",".","156089729","156090073","255,205,0","Distal enhancer","3.90","2.05","3.49","2.33"
"chr1","156090210","156090560","EH38E2840438","0",".","156090210","156090560","255,205,0","Distal enhancer","4.45","2.38","3.49","3.65"
"chr1","156090737","156091084","EH38E2840439","0",".","156090737","156091084","255,205,0","Distal enhancer","5.83","2.16","3.11","6.65"
"chr1","156091616","156091876","EH38E2840440","0",".","156091616","156091876","255,170,170","CA-H3K4me3","2.31","1.77","1.57","1.82"
"chr1","156093976","156094181","EH38E2840441","0",".","156093976","156094181","255,170,170","CA-H3K4me3","2.14","1.95","1.63","1.65"
"chr1","156095320","156095499","EH38E2840442","0",".","156095320","156095499","255,205,0","Distal enhancer","2.61","1.97","2.50","1.77"
"chr1","156095890","156096062","EH38E2840443","0",".","156095890","156096062","255,205,0","Distal enhancer","2.91","2.13","3.23","2.53"
"chr1","156096107","156096443","EH38E2840444","0",".","156096107","156096443","255,205,0","Distal enhancer","3.62","2.35","3.77","3.13"
"chr1","156096771","156097017","EH38E3980411","0",".","156096771","156097017","255,205,0","Distal enhancer","5.90","3.00","4.24","6.47"
"chr1","156097041","156097390","EH38E2840446","0",".","156097041","156097390","255,167,0","Proximal enhancer","6.74","2.88","4.49","3.32"
"chr1","156097393","156097743","EH38E3980412","0",".","156097393","156097743","255,167,0","Proximal enhancer","3.33","2.77","4.40","2.01"
"chr1","156097867","156098178","EH38E2840447","0",".","156097867","156098178","255,167,0","Proximal enhancer","4.22","2.34","3.70","1.39"
"chr1","156098598","156098814","EH38E2840448","0",".","156098598","156098814","255,167,0","Proximal enhancer","2.02","1.89","2.82","1.42"
"chr1","156098917","156099079","EH38E1387612","0",".","156098917","156099079","255,0,0","Promoter","3.02","1.95","2.63","1.67"
"chr1","156099331","156099520","EH38E3980413","0",".","156099331","156099520","255,167,0","Proximal enhancer","1.99","1.65","2.36","1.60"
"chr1","156100085","156100299","EH38E2840449","0",".","156100085","156100299","255,167,0","Proximal enhancer","2.15","1.77","2.81","1.54"
"chr1","156100320","156100636","EH38E1387613","0",".","156100320","156100636","255,167,0","Proximal enhancer","3.38","1.92","2.90","1.29"
"chr1","156100657","156100944","EH38E2840450","0",".","156100657","156100944","255,167,0","Proximal enhancer","3.83","1.88","2.87","1.78"
"chr1","156101128","156101290","EH38E2840451","0",".","156101128","156101290","255,205,0","Distal enhancer","1.80","2.03","2.73","1.77"
"chr1","156101405","156101604","EH38E1387615","0",".","156101405","156101604","255,205,0","Distal enhancer","2.68","2.04","3.05","1.47"
"chr1","156101999","156102149","EH38E2840452","0",".","156101999","156102149","255,205,0","Distal enhancer","3.64","1.88","3.90","1.60"
"chr1","156102308","156102565","EH38E2840453","0",".","156102308","156102565","255,205,0","Distal enhancer","2.86","2.19","4.15","1.41"
"chr1","156102669","156102895","EH38E1387618","0",".","156102669","156102895","255,205,0","Distal enhancer","4.59","2.66","4.42","1.74"
"chr1","156102898","156103099","EH38E2840454","0",".","156102898","156103099","255,205,0","Distal enhancer","3.48","2.85","4.57","1.67"
"chr1","156103125","156103352","EH38E2840455","0",".","156103125","156103352","255,205,0","Distal enhancer","3.76","2.95","4.70","1.92"
"chr1","156103373","156103528","EH38E2840456","0",".","156103373","156103528","255,205,0","Distal enhancer","3.46","3.25","4.92","2.55"
"chr1","156103579","156103923","EH38E2840457","0",".","156103579","156103923","255,205,0","Distal enhancer","4.80","3.28","4.92","2.03"
"chr1","156104055","156104389","EH38E2840458","0",".","156104055","156104389","255,205,0","Distal enhancer","5.68","3.27","5.09","2.30"
"chr1","156104577","156104759","EH38E2840459","0",".","156104577","156104759","255,205,0","Distal enhancer","2.76","3.29","5.27","1.76"
"chr1","156104851","156105041","EH38E1387624","0",".","156104851","156105041","255,167,0","Proximal enhancer","3.60","3.22","5.32","1.81"
"chr1","156105160","156105510","EH38E2840460","0",".","156105160","156105510","255,167,0","Proximal enhancer","4.21","3.36","5.54","3.56"
"chr1","156105522","156105807","EH38E1387626","0",".","156105522","156105807","255,167,0","Proximal enhancer","2.36","3.92","5.48","2.45"
"chr1","156105977","156106127","EH38E2840461","0",".","156105977","156106127","255,167,0","Proximal enhancer","4.71","4.25","5.46","1.97"
"chr1","156106289","156106639","EH38E2840462","0",".","156106289","156106639","255,167,0","Proximal enhancer","7.01","4.13","5.50","2.39"
"chr1","156106769","156107100","EH38E1387629","0",".","156106769","156107100","255,167,0","Proximal enhancer","4.93","3.77","5.26","1.76"
"chr1","156107207","156107456","EH38E2840463","0",".","156107207","156107456","255,167,0","Proximal enhancer","2.36","3.44","4.95","1.43"
"chr1","156107577","156107734","EH38E2840464","0",".","156107577","156107734","255,167,0","Proximal enhancer","2.00","2.72","4.07","1.69"
"chr1","156108076","156108278","EH38E2840465","0",".","156108076","156108278","255,167,0","Proximal enhancer","2.09","2.23","3.40","1.74"
"chr1","156108293","156108494","EH38E2840466","0",".","156108293","156108494","255,167,0","Proximal enhancer","1.84","2.23","3.38","1.65"
"chr1","156108704","156109052","EH38E2840467","0",".","156108704","156109052","255,205,0","Distal enhancer","4.33","2.19","3.39","1.43"
"chr1","156109348","156109680","EH38E1387632","0",".","156109348","156109680","255,205,0","Distal enhancer","2.09","1.89","2.95","1.27"
"chr1","156110514","156110669","EH38E2840468","0",".","156110514","156110669","255,167,0","Proximal enhancer","1.88","2.03","2.13","1.50"
"chr1","156111402","156111735","EH38E1387633","0",".","156111402","156111735","255,167,0","Proximal enhancer","3.44","2.09","2.67","1.53"
"chr1","156111776","156111973","EH38E1387634","0",".","156111776","156111973","255,167,0","Proximal enhancer","2.45","2.18","2.90","1.64"
"chr1","156112383","156112703","EH38E2840469","0",".","156112383","156112703","255,167,0","Proximal enhancer","3.64","2.14","3.60","2.08"
"chr1","156112791","156113027","EH38E1387636","0",".","156112791","156113027","255,167,0","Proximal enhancer","3.03","2.30","3.57","1.40"
"chr1","156113398","156113599","EH38E1387637","0",".","156113398","156113599","255,167,0","Proximal enhancer","2.67","2.93","4.28","1.80"
"chr1","156113641","156113975","EH38E1387638","0",".","156113641","156113975","255,167,0","Proximal enhancer","3.29","3.55","4.38","1.69"
"chr1","156114154","156114481","EH38E2840470","0",".","156114154","156114481","255,0,0","Promoter","6.18","5.04","4.87","2.87"
"chr1","156114484","156114807","EH38E2840471","0",".","156114484","156114807","255,0,0","Promoter","6.34","6.01","5.41","2.50"
"chr1","156114813","156115126","EH38E1387641","0",".","156114813","156115126","255,167,0","Proximal enhancer","4.42","6.59","5.72","2.11"
"chr1","156115154","156115391","EH38E2840472","0",".","156115154","156115391","255,167,0","Proximal enhancer","4.34","7.00","5.77","2.50"
"chr1","156115517","156115865","EH38E2840473","0",".","156115517","156115865","255,167,0","Proximal enhancer","5.80","6.76","5.44","1.90"
"chr1","156115922","156116257","EH38E2840474","0",".","156115922","156116257","255,167,0","Proximal enhancer","5.04","6.33","4.99","1.95"
"chr1","156116388","156116571","EH38E3980414","0",".","156116388","156116571","255,167,0","Proximal enhancer","3.50","5.79","4.45","1.72"
"chr1","156116664","156117005","EH38E3980415","0",".","156116664","156117005","255,205,0","Distal enhancer","2.71","5.24","3.92","1.36"
"chr1","156117318","156117667","EH38E3980416","0",".","156117318","156117667","255,205,0","Distal enhancer","2.72","4.65","4.15","1.50"
"chr1","156117900","156118214","EH38E2840479","0",".","156117900","156118214","255,205,0","Distal enhancer","3.80","4.89","4.52","1.64"
"chr1","156118256","156118596","EH38E2840480","0",".","156118256","156118596","255,205,0","Distal enhancer","4.03","4.83","4.37","2.08"
"chr1","156118643","156118804","EH38E1387649","0",".","156118643","156118804","255,205,0","Distal enhancer","3.79","4.66","4.07","1.58"
"chr1","156118881","156119087","EH38E3980417","0",".","156118881","156119087","255,205,0","Distal enhancer","2.59","4.31","4.04","1.46"
"chr1","156119565","156119856","EH38E1387651","0",".","156119565","156119856","255,205,0","Distal enhancer","4.12","4.00","4.06","3.09"
"chr1","156119911","156120261","EH38E2840482","0",".","156119911","156120261","255,205,0","Distal enhancer","5.11","4.32","4.06","3.08"
"chr1","156120338","156120642","EH38E3980418","0",".","156120338","156120642","255,205,0","Distal enhancer","2.70","4.37","3.91","1.60"
"chr1","156120659","156120896","EH38E3980419","0",".","156120659","156120896","255,205,0","Distal enhancer","2.65","4.32","3.90","1.41"
"chr1","156121162","156121363","EH38E2840485","0",".","156121162","156121363","255,205,0","Distal enhancer","2.42","3.94","4.23","1.69"
"chr1","156121503","156121780","EH38E1387656","0",".","156121503","156121780","255,205,0","Distal enhancer","3.31","3.86","4.46","1.24"
"chr1","156122118","156122341","EH38E2840486","0",".","156122118","156122341","255,205,0","Distal enhancer","2.66","4.05","5.00","1.72"
"chr1","156122586","156122785","EH38E2840487","0",".","156122586","156122785","255,205,0","Distal enhancer","3.38","4.02","5.43","1.88"
"chr1","156122847","156123169","EH38E2840488","0",".","156122847","156123169","255,205,0","Distal enhancer","4.55","4.10","5.84","3.11"
"chr1","156123300","156123648","EH38E2840489","0",".","156123300","156123648","255,205,0","Distal enhancer","5.89","4.15","5.74","4.14"
"chr1","156123663","156124012","EH38E2840490","0",".","156123663","156124012","255,205,0","Distal enhancer","7.04","3.95","5.75","3.24"
"chr1","156124024","156124231","EH38E2840491","0",".","156124024","156124231","255,205,0","Distal enhancer","5.07","3.92","5.56","2.75"
"chr1","156124265","156124430","EH38E2840492","0",".","156124265","156124430","255,167,0","Proximal enhancer","2.67","3.67","5.61","1.85"
"chr1","156124671","156125021","EH38E1387661","0",".","156124671","156125021","255,167,0","Proximal enhancer","4.62","3.24","5.04","1.65"
"chr1","156125155","156125492","EH38E1387662","0",".","156125155","156125492","255,167,0","Proximal enhancer","4.14","3.65","5.11","1.76"
"chr1","156125641","156125853","EH38E2840493","0",".","156125641","156125853","255,167,0","Proximal enhancer","3.17","4.03","5.18","2.10"
"chr1","156126003","156126186","EH38E2840494","0",".","156126003","156126186","255,0,0","Promoter","4.39","4.11","5.32","5.18"
"chr1","156126224","156126574","EH38E2840495","0",".","156126224","156126574","255,0,0","Promoter","5.75","4.08","5.79","3.20"
"chr1","156126707","156127056","EH38E2840496","0",".","156126707","156127056","255,167,0","Proximal enhancer","4.70","3.87","5.93","2.08"
"chr1","156127077","156127418","EH38E2840497","0",".","156127077","156127418","255,167,0","Proximal enhancer","6.28","3.78","5.78","2.03"
"chr1","156127495","156127737","EH38E2840498","0",".","156127495","156127737","255,167,0","Proximal enhancer","4.27","3.37","4.94","2.30"
"chr1","156127787","156128107","EH38E3980420","0",".","156127787","156128107","255,167,0","Proximal enhancer","2.39","3.20","4.47","1.44"
"chr1","156128162","156128434","EH38E2840500","0",".","156128162","156128434","255,167,0","Proximal enhancer","2.55","3.46","4.45","1.52"
"chr1","156128517","156128862","EH38E1387669","0",".","156128517","156128862","255,205,0","Distal enhancer","3.37","3.63","4.64","2.11"
"chr1","156128874","156129217","EH38E1387670","0",".","156128874","156129217","255,205,0","Distal enhancer","4.38","3.41","4.79","2.13"
"chr1","156129375","156129635","EH38E2840501","0",".","156129375","156129635","255,205,0","Distal enhancer","3.97","3.24","5.35","2.08"
"chr1","156129797","156130004","EH38E1387672","0",".","156129797","156130004","255,205,0","Distal enhancer","3.27","3.27","5.39","2.27"
"chr1","156130238","156130588","EH38E2840502","0",".","156130238","156130588","255,205,0","Distal enhancer","5.38","3.06","5.21","7.39"
"chr1","156130678","156130950","EH38E3980421","0",".","156130678","156130950","255,205,0","Distal enhancer","3.20","2.24","4.05","5.39"
"chr1","156130974","156131163","EH38E2840504","0",".","156130974","156131163","255,205,0","Distal enhancer","2.75","1.92","3.42","3.21"
"chr1","156131207","156131375","EH38E2840505","0",".","156131207","156131375","255,205,0","Distal enhancer","2.53","1.81","3.02","2.29"
"chr1","156131384","156131562","EH38E3980422","0",".","156131384","156131562","255,205,0","Distal enhancer","2.52","1.93","2.45","2.43"
"chr1","156131651","156131825","EH38E2840507","0",".","156131651","156131825","255,205,0","Distal enhancer","2.40","1.76","2.36","2.00"
"chr1","156131869","156132083","EH38E3980423","0",".","156131869","156132083","255,205,0","Distal enhancer","2.45","1.64","2.32","1.73"
"chr1","156132186","156132381","EH38E3980424","0",".","156132186","156132381","255,205,0","Distal enhancer","2.48","1.69","2.16","1.88"
"chr1","156132542","156132850","EH38E3980425","0",".","156132542","156132850","255,205,0","Distal enhancer","2.63","1.41","2.31","1.44"
"chr1","156133026","156133295","EH38E3980426","0",".","156133026","156133295","255,205,0","Distal enhancer","2.39","1.49","2.48","1.55"
"chr1","156133356","156133530","EH38E2840512","0",".","156133356","156133530","255,205,0","Distal enhancer","2.35","1.62","2.65","1.44"
"chr1","156133754","156134056","EH38E3980427","0",".","156133754","156134056","255,205,0","Distal enhancer","2.64","1.74","2.51","1.64"
"chr1","156134096","156134287","EH38E2840514","0",".","156134096","156134287","255,205,0","Distal enhancer","2.57","1.79","2.51","1.78"
"chr1","156134527","156134677","EH38E3980428","0",".","156134527","156134677","255,205,0","Distal enhancer","2.75","1.83","2.46","1.87"
"chr1","156134759","156135064","EH38E3980429","0",".","156134759","156135064","255,205,0","Distal enhancer","2.88","1.77","2.48","1.58"
"chr1","156135086","156135384","EH38E2840517","0",".","156135086","156135384","255,205,0","Distal enhancer","2.61","1.71","2.50","1.46"
"chr1","156135518","156135761","EH38E3980430","0",".","156135518","156135761","255,205,0","Distal enhancer","2.62","1.70","2.50","1.76"
"chr1","156135803","156136081","EH38E3980431","0",".","156135803","156136081","255,205,0","Distal enhancer","2.70","1.72","2.39","1.48"
"chr1","156136101","156136435","EH38E2840519","0",".","156136101","156136435","255,205,0","Distal enhancer","2.89","1.97","2.34","1.63"
"chr1","156136641","156136970","EH38E3980432","0",".","156136641","156136970","255,205,0","Distal enhancer","2.90","1.99","2.38","1.51"
"chr1","156137171","156137358","EH38E3980433","0",".","156137171","156137358","255,205,0","Distal enhancer","2.99","1.85","2.28","4.53"
"chr1","156137530","156137864","EH38E3980434","0",".","156137530","156137864","255,205,0","Distal enhancer","2.77","1.72","2.28","1.87"
"chr1","156138379","156138704","EH38E2840524","0",".","156138379","156138704","255,205,0","Distal enhancer","3.03","1.72","2.54","1.45"
"chr1","156138943","156139120","EH38E2840525","0",".","156138943","156139120","255,205,0","Distal enhancer","2.97","1.70","2.61","1.79"
"chr1","156139403","156139751","EH38E3980435","0",".","156139403","156139751","255,205,0","Distal enhancer","2.86","1.57","2.69","1.68"
"chr1","156139842","156140187","EH38E2840527","0",".","156139842","156140187","255,205,0","Distal enhancer","3.60","1.79","2.76","1.29"
"chr1","156140301","156140539","EH38E2840528","0",".","156140301","156140539","255,205,0","Distal enhancer","2.86","1.92","2.86","1.80"
"chr1","156140634","156140849","EH38E2840529","0",".","156140634","156140849","255,205,0","Distal enhancer","3.01","2.03","3.21","1.90"
"chr1","156140892","156141134","EH38E2840530","0",".","156140892","156141134","255,205,0","Distal enhancer","3.28","2.03","3.73","2.93"
"chr1","156141224","156141572","EH38E3980436","0",".","156141224","156141572","255,205,0","Distal enhancer","3.63","1.87","3.94","5.78"
"chr1","156141599","156141888","EH38E3980437","0",".","156141599","156141888","255,205,0","Distal enhancer","4.17","1.76","3.70","3.61"
"chr1","156141912","156142076","EH38E2840533","0",".","156141912","156142076","255,205,0","Distal enhancer","3.30","1.71","3.10","2.13"
"chr1","156142257","156142447","EH38E2840534","0",".","156142257","156142447","255,205,0","Distal enhancer","2.67","1.54","2.60","2.22"
"chr1","156142633","156142911","EH38E2840535","0",".","156142633","156142911","255,205,0","Distal enhancer","2.94","1.63","2.22","1.67"
"chr1","156143154","156143355","EH38E2840536","0",".","156143154","156143355","255,205,0","Distal enhancer","2.66","1.78","2.17","1.64"
"chr1","156143723","156143943","EH38E2840537","0",".","156143723","156143943","255,205,0","Distal enhancer","3.24","1.87","2.24","1.55"
"chr1","156144099","156144408","EH38E2840538","0",".","156144099","156144408","255,205,0","Distal enhancer","3.94","1.83","2.36","1.62"
"chr1","156144439","156144657","EH38E2840539","0",".","156144439","156144657","255,205,0","Distal enhancer","2.90","2.02","2.23","2.19"
"chr1","156144758","156145087","EH38E2840540","0",".","156144758","156145087","255,205,0","Distal enhancer","3.40","1.90","2.14","1.56"
"chr1","156145201","156145410","EH38E2840541","0",".","156145201","156145410","255,205,0","Distal enhancer","2.94","1.91","2.25","2.22"
"chr1","156145629","156145814","EH38E2840542","0",".","156145629","156145814","255,205,0","Distal enhancer","2.82","2.08","2.24","2.78"
"chr1","156145909","156146256","EH38E2840543","0",".","156145909","156146256","255,205,0","Distal enhancer","5.05","2.81","3.43","5.47"
"chr1","156146357","156146578","EH38E2840544","0",".","156146357","156146578","255,205,0","Distal enhancer","3.63","3.22","3.99","4.53"
"chr1","156146607","156146785","EH38E2840545","0",".","156146607","156146785","255,205,0","Distal enhancer","3.13","3.26","4.24","2.66"
"chr1","156146798","156147147","EH38E2840546","0",".","156146798","156147147","255,205,0","Distal enhancer","3.59","3.06","4.30","2.09"
"chr1","156147240","156147485","EH38E2840547","0",".","156147240","156147485","255,205,0","Distal enhancer","3.11","2.59","4.40","1.52"
"chr1","156147552","156147836","EH38E2840548","0",".","156147552","156147836","255,205,0","Distal enhancer","2.83","2.90","4.66","1.57"
"chr1","156147896","156148108","EH38E2840549","0",".","156147896","156148108","255,205,0","Distal enhancer","3.12","3.15","4.91","1.70"
"chr1","156148324","156148673","EH38E1387707","0",".","156148324","156148673","255,167,0","Proximal enhancer","4.71","3.07","5.05","2.37"
"chr1","156148947","156149112","EH38E2840550","0",".","156148947","156149112","255,167,0","Proximal enhancer","2.22","3.28","5.07","1.66"
"chr1","156149119","156149432","EH38E2840551","0",".","156149119","156149432","255,167,0","Proximal enhancer","3.18","3.58","4.93","1.43"
"chr1","156149502","156149793","EH38E2840552","0",".","156149502","156149793","255,167,0","Proximal enhancer","4.84","3.96","4.92","1.38"
"chr1","156149798","156150009","EH38E2840553","0",".","156149798","156150009","255,0,0","Promoter","4.47","4.16","4.86","1.59"
"chr1","156150011","156150197","EH38E3980438","0",".","156150011","156150197","255,0,0","Promoter","4.52","4.39","4.82","1.48"
"chr1","156150373","156150524","EH38E2840555","0",".","156150373","156150524","255,167,0","Proximal enhancer","2.81","4.53","4.93","1.72"
"chr1","156150583","156150754","EH38E2840556","0",".","156150583","156150754","255,167,0","Proximal enhancer","2.85","4.41","5.06","1.48"
"chr1","156150769","156151118","EH38E2840557","0",".","156150769","156151118","255,167,0","Proximal enhancer","3.91","4.20","5.11","1.44"
"chr1","156151373","156151713","EH38E2840558","0",".","156151373","156151713","255,167,0","Proximal enhancer","4.63","3.44","5.03","1.62"
"chr1","156151942","156152153","EH38E1387714","0",".","156151942","156152153","255,167,0","Proximal enhancer","2.40","3.00","4.62","1.19"
"chr1","156152194","156152395","EH38E2840559","0",".","156152194","156152395","255,167,0","Proximal enhancer","2.13","3.06","4.38","1.82"
"chr1","156152395","156152560","EH38E3980439","0",".","156152395","156152560","255,167,0","Proximal enhancer","2.14","3.08","4.22","1.48"
"chr1","156152713","156153049","EH38E1387716","0",".","156152713","156153049","255,167,0","Proximal enhancer","4.87","2.92","3.87","1.61"
"chr1","156153354","156153701","EH38E1387717","0",".","156153354","156153701","255,0,0","Promoter","4.63","4.31","4.61","1.44"
"chr1","156153950","156154102","EH38E2840560","0",".","156153950","156154102","255,167,0","Proximal enhancer","2.10","4.45","5.05","2.06"
"chr1","156154302","156154651","EH38E2840561","0",".","156154302","156154651","255,0,0","Promoter","5.39","4.60","5.15","3.30"
"chr1","156154790","156154951","EH38E2840562","0",".","156154790","156154951","255,167,0","Proximal enhancer","2.07","4.94","4.88","1.43"
"chr1","156155033","156155258","EH38E2840563","0",".","156155033","156155258","255,167,0","Proximal enhancer","2.33","5.13","4.99","1.56"
"chr1","156155300","156155624","EH38E2840564","0",".","156155300","156155624","255,167,0","Proximal enhancer","2.39","4.91","5.01","1.56"
"chr1","156155851","156156058","EH38E2840565","0",".","156155851","156156058","255,167,0","Proximal enhancer","4.09","4.66","5.12","1.65"
"chr1","156156111","156156426","EH38E2840566","0",".","156156111","156156426","255,167,0","Proximal enhancer","3.07","4.22","5.06","1.40"
"chr1","156156556","156156755","EH38E2840567","0",".","156156556","156156755","255,205,0","Distal enhancer","2.26","3.74","5.04","1.32"
"chr1","156156835","156156996","EH38E3980440","0",".","156156835","156156996","255,205,0","Distal enhancer","1.67","3.34","4.97","1.53"
"chr1","156157511","156157861","EH38E2840568","0",".","156157511","156157861","255,205,0","Distal enhancer","4.21","3.24","5.03","1.57"
"chr1","156157929","156158191","EH38E2840569","0",".","156157929","156158191","255,205,0","Distal enhancer","2.78","3.60","5.21","1.54"
"chr1","156158620","156158778","EH38E3980441","0",".","156158620","156158778","255,205,0","Distal enhancer","1.64","3.70","5.18","1.54"
"chr1","156159019","156159354","EH38E2840570","0",".","156159019","156159354","255,205,0","Distal enhancer","3.05","2.70","4.70","1.71"
"chr1","156159361","156159649","EH38E2840571","0",".","156159361","156159649","255,205,0","Distal enhancer","3.22","2.00","4.21","1.51"
"chr1","156160082","156160334","EH38E2840572","0",".","156160082","156160334","255,205,0","Distal enhancer","3.23","2.98","4.19","1.31"
"chr1","156160348","156160681","EH38E2840573","0",".","156160348","156160681","255,205,0","Distal enhancer","3.93","3.45","4.31","1.59"
"chr1","156160880","156161228","EH38E2840574","0",".","156160880","156161228","255,205,0","Distal enhancer","4.32","4.05","3.97","1.63"
"chr1","156161390","156161737","EH38E2840575","0",".","156161390","156161737","255,205,0","Distal enhancer","5.22","3.91","3.87","2.74"
"chr1","156161753","156162012","EH38E2840576","0",".","156161753","156162012","255,205,0","Distal enhancer","3.86","3.64","3.73","1.39"
"chr1","156162028","156162372","EH38E2840577","0",".","156162028","156162372","255,205,0","Distal enhancer","1.71","2.49","3.89","1.22"
"chr1","156162662","156163009","EH38E2840578","0",".","156162662","156163009","255,205,0","Distal enhancer","3.54","1.71","3.69","1.70"
"chr1","156163153","156163368","EH38E2840579","0",".","156163153","156163368","255,205,0","Distal enhancer","2.05","1.32","3.15","1.40"
"chr1","156163787","156164054","EH38E2840580","0",".","156163787","156164054","255,205,0","Distal enhancer","2.17","1.27","2.51","1.49"
"chr1","156164200","156164506","EH38E2840581","0",".","156164200","156164506","255,205,0","Distal enhancer","2.37","1.23","2.29","1.35"
"chr1","156164575","156164745","EH38E1387738","0",".","156164575","156164745","255,205,0","Distal enhancer","2.58","1.56","2.30","2.27"
"chr1","156165097","156165439","EH38E2840582","0",".","156165097","156165439","255,205,0","Distal enhancer","4.33","1.82","2.74","1.47"
"chr1","156166491","156166670","EH38E2840583","0",".","156166491","156166670","255,205,0","Distal enhancer","2.11","1.40","3.24","1.49"
"chr1","156167569","156167915","EH38E2840584","0",".","156167569","156167915","255,205,0","Distal enhancer","3.91","1.09","2.32","1.47"
"chr1","156168448","156168602","EH38E2840585","0",".","156168448","156168602","255,205,0","Distal enhancer","1.77","1.07","2.50","1.60"
"chr1","156168656","156168820","EH38E2840586","0",".","156168656","156168820","255,205,0","Distal enhancer","1.90","1.02","2.31","1.78"
"chr1","156169069","156169320","EH38E2840587","0",".","156169069","156169320","0,176,240","CA-CTCF","2.20","0.99","1.52","1.81"
"chr1","156170542","156170889","EH38E3980442","0",".","156170542","156170889","6,218,147","CA","1.68","1.60","1.23","1.55"
"chr1","156171311","156171538","EH38E2840588","0",".","156171311","156171538","255,170,170","CA-H3K4me3","2.17","1.78","1.38","1.87"
"chr1","156171835","156172082","EH38E3980443","0",".","156171835","156172082","216,118,236","TF","1.21","1.20","1.23","1.69"
"chr1","156172609","156172814","EH38E3980444","0",".","156172609","156172814","255,205,0","Distal enhancer","1.84","1.53","2.04","3.28"
"chr1","156172831","156173040","EH38E3980445","0",".","156172831","156173040","255,205,0","Distal enhancer","2.87","1.79","2.30","4.45"
"chr1","156173192","156173511","EH38E1387744","0",".","156173192","156173511","255,205,0","Distal enhancer","3.41","1.70","2.51","1.30"
"chr1","156173577","156173746","EH38E2840590","0",".","156173577","156173746","255,205,0","Distal enhancer","2.12","1.73","2.57","1.79"
"chr1","156174115","156174287","EH38E2840591","0",".","156174115","156174287","255,205,0","Distal enhancer","1.86","1.35","2.21","1.77"
"chr1","156174393","156174593","EH38E2840592","0",".","156174393","156174593","255,205,0","Distal enhancer","1.78","1.95","1.96","1.43"
"chr1","156174682","156174928","EH38E3980446","0",".","156174682","156174928","255,205,0","Distal enhancer","1.67","1.86","1.78","1.50"
"chr1","156175128","156175356","EH38E2840593","0",".","156175128","156175356","255,205,0","Distal enhancer","1.75","1.67","2.00","1.51"
"chr1","156175482","156175634","EH38E2840594","0",".","156175482","156175634","255,205,0","Distal enhancer","1.71","1.61","2.22","1.69"
"chr1","156176665","156176857","EH38E2840595","0",".","156176665","156176857","255,205,0","Distal enhancer","1.88","1.63","2.13","1.64"
"chr1","156176869","156177142","EH38E2840596","0",".","156176869","156177142","255,205,0","Distal enhancer","1.76","1.46","2.23","1.65"
"chr1","156177399","156177585","EH38E1387746","0",".","156177399","156177585","255,205,0","Distal enhancer","2.28","1.44","2.57","1.88"
"chr1","156177978","156178236","EH38E1387747","0",".","156177978","156178236","255,205,0","Distal enhancer","3.00","2.16","3.26","1.36"
"chr1","156178269","156178619","EH38E1387748","0",".","156178269","156178619","255,205,0","Distal enhancer","5.20","2.19","4.82","1.56"
"chr1","156179065","156179293","EH38E3980447","0",".","156179065","156179293","255,205,0","Distal enhancer","2.18","1.59","6.47","1.94"
"chr1","156180706","156180865","EH38E2840598","0",".","156180706","156180865","255,205,0","Distal enhancer","1.80","1.59","6.98","1.81"
"chr1","156180928","156181216","EH38E2840599","0",".","156180928","156181216","255,205,0","Distal enhancer","2.62","1.64","6.69","1.34"
"chr1","156181342","156181582","EH38E1387751","0",".","156181342","156181582","255,205,0","Distal enhancer","2.40","1.89","6.77","1.54"
"chr1","156181621","156181960","EH38E2840600","0",".","156181621","156181960","255,205,0","Distal enhancer","3.87","2.20","6.75","2.58"
"chr1","156182162","156182326","EH38E1387753","0",".","156182162","156182326","255,205,0","Distal enhancer","3.24","2.61","6.62","1.50"
"chr1","156182490","156182749","EH38E3980448","0",".","156182490","156182749","255,205,0","Distal enhancer","2.46","2.95","6.00","1.52"
"chr1","156182962","156183204","EH38E1387755","0",".","156182962","156183204","255,205,0","Distal enhancer","2.51","3.02","5.22","1.65"
"chr1","156183824","156183988","EH38E3980449","0",".","156183824","156183988","216,118,236","TF","1.59","2.92","3.08","2.04"
"chr1","156184226","156184531","EH38E1387756","0",".","156184226","156184531","255,205,0","Distal enhancer","3.60","3.05","3.85","1.59"
"chr1","156184648","156184971","EH38E1387757","0",".","156184648","156184971","255,205,0","Distal enhancer","2.84","3.00","3.99","2.05"
"chr1","156185035","156185242","EH38E3980450","0",".","156185035","156185242","255,205,0","Distal enhancer","1.65","2.95","4.02","1.51"
"chr1","156186377","156186725","EH38E2840601","0",".","156186377","156186725","255,205,0","Distal enhancer","3.76","2.51","2.65","1.39"
"chr1","156186784","156187134","EH38E3980451","0",".","156186784","156187134","216,118,236","TF","1.09","2.45","2.31","1.31"
"chr1","156189181","156189514","EH38E2840602","0",".","156189181","156189514","255,170,170","CA-H3K4me3","2.28","1.90","1.26","1.38"
"chr1","156190348","156190674","EH38E2840603","0",".","156190348","156190674","255,167,0","Proximal enhancer","2.48","1.18","2.54","1.40"
"chr1","156191231","156191578","EH38E2840604","0",".","156191231","156191578","255,167,0","Proximal enhancer","4.08","1.46","2.33","1.57"
"chr1","156191592","156191894","EH38E2840605","0",".","156191592","156191894","255,167,0","Proximal enhancer","2.40","1.69","2.38","2.00"
"chr1","156192413","156192756","EH38E1387763","0",".","156192413","156192756","255,167,0","Proximal enhancer","2.08","3.22","3.38","1.33"
"chr1","156192990","156193260","EH38E2840606","0",".","156192990","156193260","255,167,0","Proximal enhancer","2.43","4.38","4.64","2.15"
"chr1","156193439","156193789","EH38E3980452","0",".","156193439","156193789","255,167,0","Proximal enhancer","4.13","5.27","4.74","2.81"
"chr1","156193803","156194153","EH38E2840607","0",".","156193803","156194153","255,0,0","Promoter","7.32","5.68","4.58","5.85"
"chr1","156194419","156194600","EH38E3980453","0",".","156194419","156194600","255,167,0","Proximal enhancer","2.75","5.76","4.04","2.04"
"chr1","156194657","156194903","EH38E3980454","0",".","156194657","156194903","255,167,0","Proximal enhancer","2.03","5.46","3.94","1.68"
"chr1","156195359","156195563","EH38E2840609","0",".","156195359","156195563","255,167,0","Proximal enhancer","2.48","3.75","2.33","1.88"
"chr1","156195645","156195807","EH38E2840610","0",".","156195645","156195807","255,167,0","Proximal enhancer","1.86","3.61","2.54","1.30"
"chr1","156195922","156196120","EH38E2840611","0",".","156195922","156196120","255,167,0","Proximal enhancer","2.65","3.66","2.79","1.47"
"chr1","156196489","156196797","EH38E2840612","0",".","156196489","156196797","255,205,0","Distal enhancer","2.84","3.21","2.91","1.43"
"chr1","156197114","156197315","EH38E2840613","0",".","156197114","156197315","255,205,0","Distal enhancer","1.87","2.48","2.64","1.57"
"chr1","156198451","156198683","EH38E2840614","0",".","156198451","156198683","255,205,0","Distal enhancer","1.83","2.72","3.69","1.52"
"chr1","156198949","156199296","EH38E3980455","0",".","156198949","156199296","255,205,0","Distal enhancer","3.33","2.98","3.83","1.49"
"chr1","156199334","156199618","EH38E3980456","0",".","156199334","156199618","255,205,0","Distal enhancer","1.84","3.02","3.65","1.43"
"chr1","156199840","156200013","EH38E3980457","0",".","156199840","156200013","255,205,0","Distal enhancer","1.85","3.19","3.40","1.35"
"chr1","156200109","156200340","EH38E3980458","0",".","156200109","156200340","255,205,0","Distal enhancer","2.55","3.22","3.09","1.34"
"chr1","156201291","156201527","EH38E2840617","0",".","156201291","156201527","255,205,0","Distal enhancer","1.94","3.59","3.84","1.95"
"chr1","156203394","156203735","EH38E1387772","0",".","156203394","156203735","255,205,0","Distal enhancer","3.61","2.21","3.43","1.30"
"chr1","156204723","156205012","EH38E1387773","0",".","156204723","156205012","255,205,0","Distal enhancer","3.30","1.55","2.13","1.33"
"chr1","156208435","156208719","EH38E3980459","0",".","156208435","156208719","255,205,0","Distal enhancer","2.18","1.62","2.00","1.41"
"chr1","156209423","156209574","EH38E3980460","0",".","156209423","156209574","255,205,0","Distal enhancer","1.95","1.82","2.09","1.55"
"chr1","156211155","156211422","EH38E3980461","0",".","156211155","156211422","255,167,0","Proximal enhancer","1.65","1.94","2.10","1.36"
"chr1","156211680","156212023","EH38E2840619","0",".","156211680","156212023","255,167,0","Proximal enhancer","1.80","2.20","2.58","1.42"
"chr1","156212217","156212502","EH38E1387775","0",".","156212217","156212502","255,167,0","Proximal enhancer","2.03","3.60","3.96","1.61"
"chr1","156212553","156212734","EH38E2840620","0",".","156212553","156212734","255,167,0","Proximal enhancer","2.86","4.68","5.02","2.03"
"chr1","156212800","156213128","EH38E2840621","0",".","156212800","156213128","255,0,0","Promoter","6.16","5.29","5.33","3.44"
